Name,URL,ReleaseDate,ReleasePrice,CurrentDate,CurrentPrice
BC711 NVMe SK hynix 256GB,https://www.harddrivebenchmark.net/hdd.php?hdd=BC711+NVMe+SK+hynix+256GB,06 Dec 22,53.9,09 Feb 24,16.41
Micron 2300 MTFDHBA512TDV,https://www.harddrivebenchmark.net/hdd.php?hdd=Micron+2300+MTFDHBA512TDV,,,,
Crucial P3 Plus 500GB,https://www.harddrivebenchmark.net/hdd.php?hdd=Crucial+P3+Plus+500GB,17 May 23,35.99,17 Jul 23,39.99
SK Hynix 256GB BC711 M.2 SSD 2280 3500MBs,https://www.harddrivebenchmark.net/hdd.php?hdd=SK+Hynix+256GB+BC711+M.2+SSD+2280+3500MBs,,,,
Micron 2200S 256GB,https://www.harddrivebenchmark.net/hdd.php?hdd=Micron+2200S+256GB,17 Jul 23,25.5,26 Dec 23,19.94
NVMe 256GB,https://www.harddrivebenchmark.net/hdd.php?hdd=NVMe+256GB,31 Aug 23,15.99,07 Apr 24,16.41
SK Hynix 512GB M.2 BC711 80mm SSD,https://www.harddrivebenchmark.net/hdd.php?hdd=SK+Hynix+512GB+M.2+BC711+80mm+SSD,29 Jul 23,33.06,18 Oct 23,28.34
Patriot M.2 P400 512GB,https://www.harddrivebenchmark.net/hdd.php?hdd=Patriot+M.2+P400+512GB,17 Jul 23,49.88,14 Oct 23,59.99
SK hynix BC711 HFM512GD3JX013N,https://www.harddrivebenchmark.net/hdd.php?hdd=SK+hynix+BC711+HFM512GD3JX013N,28 Jul 23,33.06,18 Oct 23,28.34
WD Blue SN580 500GB,https://www.harddrivebenchmark.net/hdd.php?hdd=WD+Blue+SN580+500GB,,,,
IM2P33F3A ADATA 256GB,https://www.harddrivebenchmark.net/hdd.php?hdd=IM2P33F3A+ADATA+256GB,,,,
Viper M.2 VPN110 512GB,https://www.harddrivebenchmark.net/hdd.php?hdd=Viper+M.2+VPN110+512GB,17 Jul 23,51.96,24 Nov 23,54.67
WDC PC SN810 SDCPNRY 1TB,https://www.harddrivebenchmark.net/hdd.php?hdd=WDC+PC+SN810+SDCPNRY+1TB,,,,
KXG60ZNV256G KIOXIA,https://www.harddrivebenchmark.net/hdd.php?hdd=KXG60ZNV256G+KIOXIA,02 Jan 23,37.43,21 Feb 24,24.14
SK hynix HFM512GD3JX013N,https://www.harddrivebenchmark.net/hdd.php?hdd=SK+hynix+HFM512GD3JX013N,,,,
WD Blue SN580 1TB,https://www.harddrivebenchmark.net/hdd.php?hdd=WD+Blue+SN580+1TB,,,,
Predator GM7000 512GB,https://www.harddrivebenchmark.net/hdd.php?hdd=Predator+GM7000+512GB,,,,
NVMe PC SN730 NVMe WDC 256GB,https://www.harddrivebenchmark.net/hdd.php?hdd=NVMe+PC+SN730+NVMe+WDC+256GB,,,,
NVMe PC SN810 NVMe WDC 512GB,https://www.harddrivebenchmark.net/hdd.php?hdd=NVMe+PC+SN810+NVMe+WDC+512GB,,,,
NVMe WD Blue SN570 500GB,https://www.harddrivebenchmark.net/hdd.php?hdd=NVMe+WD+Blue+SN570+500GB,26 May 23,49.99,08 Sep 23,49.99
Micron MTFDHBA512TCK,https://www.harddrivebenchmark.net/hdd.php?hdd=Micron+MTFDHBA512TCK,13 May 21,99.99,17 Jul 23,34.01
KBG50ZNS256G KIOXIA 256GB,https://www.harddrivebenchmark.net/hdd.php?hdd=KBG50ZNS256G+KIOXIA+256GB,,,,
NVMe PC SN530 NVMe WDC 256GB,https://www.harddrivebenchmark.net/hdd.php?hdd=NVMe+PC+SN530+NVMe+WDC+256GB,,,,
Micron 2200S NVMe 512GB,https://www.harddrivebenchmark.net/hdd.php?hdd=Micron+2200S+NVMe+512GB,17 Jul 23,34.01,18 Oct 23,27.39
BC711 NVMe SK hynix 128GB,https://www.harddrivebenchmark.net/hdd.php?hdd=BC711+NVMe+SK+hynix+128GB,,,,
Crucial P5 Plus 500GB,https://www.harddrivebenchmark.net/hdd.php?hdd=Crucial+P5+Plus+500GB,17 Nov 21,138,26 Dec 23,65.99
Patriot M.2 P310 240GB,https://www.harddrivebenchmark.net/hdd.php?hdd=Patriot+M.2+P310+240GB,13 Sep 22,23.99,29 Mar 24,41.81
Patriot M.2 P310 480GB,https://www.harddrivebenchmark.net/hdd.php?hdd=Patriot+M.2+P310+480GB,31 Dec 22,29.99,30 Sep 23,39.99
HFM512GD3JX016N,https://www.harddrivebenchmark.net/hdd.php?hdd=HFM512GD3JX016N,17 Sep 23,37.79,25 Oct 23,35.9
NVMe NVME SSD 256GB,https://www.harddrivebenchmark.net/hdd.php?hdd=NVMe+NVME+SSD+256GB,,,,
Force MP600,https://www.harddrivebenchmark.net/hdd.php?hdd=Force+MP600,,,,
GEN4 1TB,https://www.harddrivebenchmark.net/hdd.php?hdd=GEN4+1TB,15 Oct 23,49.99,07 Apr 24,64.99
KBG40ZNS128G NVMe KIOXIA 128GB,https://www.harddrivebenchmark.net/hdd.php?hdd=KBG40ZNS128G+NVMe+KIOXIA+128GB,17 May 23,15.99,06 Mar 24,15.99
PM981a NVMe SED Samsung 256GB,https://www.harddrivebenchmark.net/hdd.php?hdd=PM981a+NVMe+SED+Samsung+256GB,,,,
CT1000T500SSD8,https://www.harddrivebenchmark.net/hdd.php?hdd=CT1000T500SSD8,,,,
NVMe SSD 256G,https://www.harddrivebenchmark.net/hdd.php?hdd=NVMe+SSD+256G,,,,
NVMe Sabrent Rocket 4.0 1TB,https://www.harddrivebenchmark.net/hdd.php?hdd=NVMe+Sabrent+Rocket+4.0+1TB,17 May 23,99.99,13 Oct 23,79.99
M.2 PCIE 2280 SSD 512GB,https://www.harddrivebenchmark.net/hdd.php?hdd=M.2+PCIE+2280+SSD+512GB,27 Jan 24,31.99,02 Apr 24,39.99
MSI M450 500GB,https://www.harddrivebenchmark.net/hdd.php?hdd=MSI+M450+500GB,17 May 23,29.99,03 Jan 24,41.99
Predator SSD GM7000 1TB,https://www.harddrivebenchmark.net/hdd.php?hdd=Predator+SSD+GM7000+1TB,08 Dec 22,104.99,29 Feb 24,77.99
KXG60ZNV512G TOSHIBA,https://www.harddrivebenchmark.net/hdd.php?hdd=KXG60ZNV512G+TOSHIBA,15 May 21,123.99,02 Nov 23,37.79
Viper VP4300 1TB,https://www.harddrivebenchmark.net/hdd.php?hdd=Viper+VP4300+1TB,31 Jul 22,164.99,18 Sep 23,65.99
KBG40ZNS256G NVMe KIOXIA 256GB,https://www.harddrivebenchmark.net/hdd.php?hdd=KBG40ZNS256G+NVMe+KIOXIA+256GB,06 Dec 22,26.99,02 Mar 24,25
BC711 NVMe SK hynix 128GB,https://www.harddrivebenchmark.net/hdd.php?hdd=BC711+NVMe+SK+hynix+128GB,,,,
KBG40ZNS128G NVMe KIOXIA 128GB,https://www.harddrivebenchmark.net/hdd.php?hdd=KBG40ZNS128G+NVMe+KIOXIA+128GB,17 May 23,15.99,06 Mar 24,15.99
NVME SSD 128GB,https://www.harddrivebenchmark.net/hdd.php?hdd=NVME+SSD+128GB,,,,
Intel Optane P1600X 58GB,https://www.harddrivebenchmark.net/hdd.php?hdd=Intel+Optane+P1600X+58GB,,,,
Patriot P300 128GB,https://www.harddrivebenchmark.net/hdd.php?hdd=Patriot+P300+128GB,,,,
KIOXIA (Toshiba) 128GB,https://www.harddrivebenchmark.net/hdd.php?hdd=KIOXIA+(Toshiba)+128GB,,,,
Patriot M.2 P300 128GB,https://www.harddrivebenchmark.net/hdd.php?hdd=Patriot+M.2+P300+128GB,,,,
NVMe PC SN520 NVMe WD,https://www.harddrivebenchmark.net/hdd.php?hdd=NVMe+PC+SN520+NVMe+WD,,,,
SanDisk X400 M.2 2280 128GB,https://www.harddrivebenchmark.net/hdd.php?hdd=SanDisk+X400+M.2+2280+128GB,26 Apr 17,114.26,17 Jul 23,17.94
NGFF 2280 128GB SSD,https://www.harddrivebenchmark.net/hdd.php?hdd=NGFF+2280+128GB+SSD,15 Feb 22,44.69,05 Apr 24,16.99
Patriot Burst Elite 120GB,https://www.harddrivebenchmark.net/hdd.php?hdd=Patriot+Burst+Elite+120GB,15 Oct 21,20.99,09 Dec 21,18.99
HP SSD EX900 120GB,https://www.harddrivebenchmark.net/hdd.php?hdd=HP+SSD+EX900+120GB,21 Jun 19,29.99,13 May 21,43.99
SK hynix SC311 128GB,https://www.harddrivebenchmark.net/hdd.php?hdd=SK+hynix+SC311+128GB,30 May 21,44.92,17 Sep 23,17
CT120BX500SSD1,https://www.harddrivebenchmark.net/hdd.php?hdd=CT120BX500SSD1,27 Oct 18,27.69,06 Mar 24,128.57
ADATA SU650,https://www.harddrivebenchmark.net/hdd.php?hdd=ADATA+SU650,,,,
Patriot P210 128GB,https://www.harddrivebenchmark.net/hdd.php?hdd=Patriot+P210+128GB,22 Oct 21,70.38,21 Dec 23,24.99
SAMSUNG SSD PM871 M.2 2280 128GB,https://www.harddrivebenchmark.net/hdd.php?hdd=SAMSUNG+SSD+PM871+M.2+2280+128GB,,,,
ADATA SU655,https://www.harddrivebenchmark.net/hdd.php?hdd=ADATA+SU655,,,,
Netac NVMe SSD 128GB,https://www.harddrivebenchmark.net/hdd.php?hdd=Netac+NVMe+SSD+128GB,19 Jun 21,39.24,21 Aug 21,48.31
BC501 NVMe SK hynix 128GB,https://www.harddrivebenchmark.net/hdd.php?hdd=BC501+NVMe+SK+hynix+128GB,,,,
SAMSUNG MZ7TE128HMGR-000L1,https://www.harddrivebenchmark.net/hdd.php?hdd=SAMSUNG+MZ7TE128HMGR-000L1,,,,
DOGFISH SSD 128GB,https://www.harddrivebenchmark.net/hdd.php?hdd=DOGFISH+SSD+128GB,02 Oct 22,25.99,28 Mar 24,22
DOGFISH SSD 64GB,https://www.harddrivebenchmark.net/hdd.php?hdd=DOGFISH+SSD+64GB,26 May 23,14,31 Mar 24,13.5
CT120BX100SSD1,https://www.harddrivebenchmark.net/hdd.php?hdd=CT120BX100SSD1,01 Apr 15,67.99,04 Feb 24,21.24
Colorful CN600 128GB,https://www.harddrivebenchmark.net/hdd.php?hdd=Colorful+CN600+128GB,17 May 23,59.99,25 Sep 23,59.69
KBG30ZMT128G TOSHIBA,https://www.harddrivebenchmark.net/hdd.php?hdd=KBG30ZMT128G+TOSHIBA,,,,
DOGFISH SSD 120GB,https://www.harddrivebenchmark.net/hdd.php?hdd=DOGFISH+SSD+120GB,23 May 21,22,06 Dec 23,16
HP SSD M700 120GB,https://www.harddrivebenchmark.net/hdd.php?hdd=HP+SSD+M700+120GB,21 Jun 19,22.99,14 Nov 19,22.99
SAMSUNG MZFLV128HCGR-000MV,https://www.harddrivebenchmark.net/hdd.php?hdd=SAMSUNG+MZFLV128HCGR-000MV,,,,
BR 128GB,https://www.harddrivebenchmark.net/hdd.php?hdd=BR+128GB,17 May 23,26,14 Mar 24,33.22
SanDisk X300 2.5 7MM 128GB,https://www.harddrivebenchmark.net/hdd.php?hdd=SanDisk+X300+2.5+7MM+128GB,,,,
SAMSUNG MZ7LN128HCHP-000H1,https://www.harddrivebenchmark.net/hdd.php?hdd=SAMSUNG+MZ7LN128HCHP-000H1,11 Mar 19,43.85,08 Jun 19,44.18
GIGABYTE GP-GSTFS31120GNTD,https://www.harddrivebenchmark.net/hdd.php?hdd=GIGABYTE+GP-GSTFS31120GNTD,21 Jun 19,26.99,21 Apr 22,32.25
WDC WDS120G2G0A,https://www.harddrivebenchmark.net/hdd.php?hdd=WDC+WDS120G2G0A,21 Jun 19,49.99,07 Jun 23,26.7
Netac SSD 120GB,https://www.harddrivebenchmark.net/hdd.php?hdd=Netac+SSD+120GB,02 Jun 21,90.5,13 Jun 22,26.99
ADATA SU800 SSD 128GB,https://www.harddrivebenchmark.net/hdd.php?hdd=ADATA+SU800+SSD+128GB,,,,
THNSN5128GPUK TOSHIBA,https://www.harddrivebenchmark.net/hdd.php?hdd=THNSN5128GPUK+TOSHIBA,,,,
ADATA SU700,https://www.harddrivebenchmark.net/hdd.php?hdd=ADATA+SU700,,,,
OCZ-SOLID3,https://www.harddrivebenchmark.net/hdd.php?hdd=OCZ-SOLID3,,,,
SanDisk SD9SN8W-128G-1006,https://www.harddrivebenchmark.net/hdd.php?hdd=SanDisk+SD9SN8W-128G-1006,31 Mar 19,50.52,22 Mar 22,31.99
PNY CS900 120GB SSD,https://www.harddrivebenchmark.net/hdd.php?hdd=PNY+CS900+120GB+SSD,21 Jun 19,35.99,23 Apr 22,30.28
TEAM L5 LITE SSD 120GB,https://www.harddrivebenchmark.net/hdd.php?hdd=TEAM+L5+LITE+SSD+120GB,21 Jun 19,24.99,15 Sep 19,24.99
SanDisk X600 M.2 2280 128GB,https://www.harddrivebenchmark.net/hdd.php?hdd=SanDisk+X600+M.2+2280+128GB,03 Jun 18,62.49,04 May 19,39.96
Samsung SSD 750 EVO 120GB,https://www.harddrivebenchmark.net/hdd.php?hdd=Samsung+SSD+750+EVO+120GB,06 Apr 17,87.95,17 Apr 19,79.99
BC711 NVMe SK hynix 256GB,https://www.harddrivebenchmark.net/hdd.php?hdd=BC711+NVMe+SK+hynix+256GB,06 Dec 22,53.9,09 Feb 24,16.41
SK Hynix 256GB BC711 M.2 SSD 2280 3500MBs,https://www.harddrivebenchmark.net/hdd.php?hdd=SK+Hynix+256GB+BC711+M.2+SSD+2280+3500MBs,,,,
Micron 2200S 256GB,https://www.harddrivebenchmark.net/hdd.php?hdd=Micron+2200S+256GB,17 Jul 23,25.5,02 Jan 24,17.94
NVMe 256GB,https://www.harddrivebenchmark.net/hdd.php?hdd=NVMe+256GB,31 Aug 23,15.99,06 Apr 24,23.09
IM2P33F3A ADATA 256GB,https://www.harddrivebenchmark.net/hdd.php?hdd=IM2P33F3A+ADATA+256GB,,,,
KXG60ZNV256G KIOXIA,https://www.harddrivebenchmark.net/hdd.php?hdd=KXG60ZNV256G+KIOXIA,02 Jan 23,37.43,21 Feb 24,24.14
NVMe PC SN730 NVMe WDC 256GB,https://www.harddrivebenchmark.net/hdd.php?hdd=NVMe+PC+SN730+NVMe+WDC+256GB,,,,
KBG50ZNS256G KIOXIA 256GB,https://www.harddrivebenchmark.net/hdd.php?hdd=KBG50ZNS256G+KIOXIA+256GB,,,,
NVMe PC SN530 NVMe WDC 256GB,https://www.harddrivebenchmark.net/hdd.php?hdd=NVMe+PC+SN530+NVMe+WDC+256GB,,,,
Patriot M.2 P310 240GB,https://www.harddrivebenchmark.net/hdd.php?hdd=Patriot+M.2+P310+240GB,13 Sep 22,23.99,29 Mar 24,41.81
NVMe NVME SSD 256GB,https://www.harddrivebenchmark.net/hdd.php?hdd=NVMe+NVME+SSD+256GB,,,,
PM981a NVMe SED Samsung 256GB,https://www.harddrivebenchmark.net/hdd.php?hdd=PM981a+NVMe+SED+Samsung+256GB,,,,
NVMe SSD 256G,https://www.harddrivebenchmark.net/hdd.php?hdd=NVMe+SSD+256G,,,,
KBG40ZNS256G NVMe KIOXIA 256GB,https://www.harddrivebenchmark.net/hdd.php?hdd=KBG40ZNS256G+NVMe+KIOXIA+256GB,06 Dec 22,26.99,02 Mar 24,25
NVMe Patriot M.2 P300,https://www.harddrivebenchmark.net/hdd.php?hdd=NVMe+Patriot+M.2+P300,,,,
BC511 NVMe SK hynix 256GB,https://www.harddrivebenchmark.net/hdd.php?hdd=BC511+NVMe+SK+hynix+256GB,24 Dec 22,37.43,01 Mar 24,19.99
KBG40ZNV256G KIOXIA,https://www.harddrivebenchmark.net/hdd.php?hdd=KBG40ZNV256G+KIOXIA,17 May 23,21.72,05 Nov 23,32
Acer SSD FA100 256GB,https://www.harddrivebenchmark.net/hdd.php?hdd=Acer+SSD+FA100+256GB,17 May 23,19.99,07 Feb 24,29.99
Micron 2300 NVMe 256GB,https://www.harddrivebenchmark.net/hdd.php?hdd=Micron+2300+NVMe+256GB,,,,
EMTEC X300 256GB,https://www.harddrivebenchmark.net/hdd.php?hdd=EMTEC+X300+256GB,,,,
WD Blue SN570 250GB,https://www.harddrivebenchmark.net/hdd.php?hdd=WD+Blue+SN570+250GB,17 May 23,49.99,01 Mar 24,49.99
Samsung SSD 980 PRO 250GB,https://www.harddrivebenchmark.net/hdd.php?hdd=Samsung+SSD+980+PRO+250GB,03 Nov 20,84.99,01 Aug 23,61
HP SSD EX900 250GB,https://www.harddrivebenchmark.net/hdd.php?hdd=HP+SSD+EX900+250GB,01 Aug 19,36.99,01 Nov 23,22.99
BC501 NVMe SK hynix 256GB,https://www.harddrivebenchmark.net/hdd.php?hdd=BC501+NVMe+SK+hynix+256GB,30 Nov 21,45.38,05 Sep 23,27.39
Patriot M.2 P300,https://www.harddrivebenchmark.net/hdd.php?hdd=Patriot+M.2+P300,,,,
XPG GAMMIX S11 Pro,https://www.harddrivebenchmark.net/hdd.php?hdd=XPG+GAMMIX+S11+Pro,,,,
GIGABYTE GP-GSM2NE3256GNTD,https://www.harddrivebenchmark.net/hdd.php?hdd=GIGABYTE+GP-GSM2NE3256GNTD,12 Jan 21,39.99,31 Jan 22,58.99
KLEVV CRAS C710 M.2 NVMe SSD 256GB,https://www.harddrivebenchmark.net/hdd.php?hdd=KLEVV+CRAS+C710+M.2+NVMe+SSD+256GB,,,,
HP SSD EX920 256GB,https://www.harddrivebenchmark.net/hdd.php?hdd=HP+SSD+EX920+256GB,21 Jun 19,46.99,21 Sep 23,36.9
PLEXTOR PX-256M9PeGN,https://www.harddrivebenchmark.net/hdd.php?hdd=PLEXTOR+PX-256M9PeGN,21 Jun 19,49.99,31 Oct 19,39.99
IM2P33F3 NVMe ADATA 256GB,https://www.harddrivebenchmark.net/hdd.php?hdd=IM2P33F3+NVMe+ADATA+256GB,,,,
XPG GAMMIX S5,https://www.harddrivebenchmark.net/hdd.php?hdd=XPG+GAMMIX+S5,,,,
PLEXTOR PX-256M9PeG,https://www.harddrivebenchmark.net/hdd.php?hdd=PLEXTOR+PX-256M9PeG,19 Jul 19,51.99,17 Sep 19,42.99
Inland NVMe SSD,https://www.harddrivebenchmark.net/hdd.php?hdd=Inland+NVMe+SSD,,,,
Samsung SSD 970 EVO Plus 250GB,https://www.harddrivebenchmark.net/hdd.php?hdd=Samsung+SSD+970+EVO+Plus+250GB,,,,
Patriot P300 256GB,https://www.harddrivebenchmark.net/hdd.php?hdd=Patriot+P300+256GB,09 Aug 20,37.99,07 Jan 21,37.99
NVMe TS256GMTE110S,https://www.harddrivebenchmark.net/hdd.php?hdd=NVMe+TS256GMTE110S,02 Mar 24,34.01,30 Mar 24,34.01
WDC WDS240G2G0C,https://www.harddrivebenchmark.net/hdd.php?hdd=WDC+WDS240G2G0C,,,,
KBG30ZMV256G TOSHIBA,https://www.harddrivebenchmark.net/hdd.php?hdd=KBG30ZMV256G+TOSHIBA,24 Feb 24,27.49,06 Apr 24,28.74
KBG30ZMV256G KIOXIA,https://www.harddrivebenchmark.net/hdd.php?hdd=KBG30ZMV256G+KIOXIA,16 Jan 23,62.99,19 Jun 23,33.06
TOSHIBA THNSNH256GBST,https://www.harddrivebenchmark.net/hdd.php?hdd=TOSHIBA+THNSNH256GBST,13 May 21,91,20 Dec 23,17.94
M Series NVMe SSD 256G,https://www.harddrivebenchmark.net/hdd.php?hdd=M+Series+NVMe+SSD+256G,,,,
Samsung SSD 970 EVO 250GB,https://www.harddrivebenchmark.net/hdd.php?hdd=Samsung+SSD+970+EVO+250GB,14 May 18,109.99,15 Jan 24,48.75
Micron 2300 MTFDHBA512TDV,https://www.harddrivebenchmark.net/hdd.php?hdd=Micron+2300+MTFDHBA512TDV,,,,
Crucial P3 Plus 500GB,https://www.harddrivebenchmark.net/hdd.php?hdd=Crucial+P3+Plus+500GB,17 May 23,35.99,17 Jul 23,39.99
SK Hynix 512GB M.2 BC711 80mm SSD,https://www.harddrivebenchmark.net/hdd.php?hdd=SK+Hynix+512GB+M.2+BC711+80mm+SSD,29 Jul 23,33.06,18 Oct 23,28.34
Patriot M.2 P400 512GB,https://www.harddrivebenchmark.net/hdd.php?hdd=Patriot+M.2+P400+512GB,17 Jul 23,49.88,27 Oct 23,53.99
SK hynix BC711 HFM512GD3JX013N,https://www.harddrivebenchmark.net/hdd.php?hdd=SK+hynix+BC711+HFM512GD3JX013N,28 Jul 23,33.06,18 Oct 23,28.34
WD Blue SN580 500GB,https://www.harddrivebenchmark.net/hdd.php?hdd=WD+Blue+SN580+500GB,,,,
Viper M.2 VPN110 512GB,https://www.harddrivebenchmark.net/hdd.php?hdd=Viper+M.2+VPN110+512GB,17 Jul 23,51.96,23 Nov 23,54.69
SK hynix HFM512GD3JX013N,https://www.harddrivebenchmark.net/hdd.php?hdd=SK+hynix+HFM512GD3JX013N,,,,
Predator GM7000 512GB,https://www.harddrivebenchmark.net/hdd.php?hdd=Predator+GM7000+512GB,,,,
NVMe PC SN810 NVMe WDC 512GB,https://www.harddrivebenchmark.net/hdd.php?hdd=NVMe+PC+SN810+NVMe+WDC+512GB,,,,
NVMe WD Blue SN570 500GB,https://www.harddrivebenchmark.net/hdd.php?hdd=NVMe+WD+Blue+SN570+500GB,26 May 23,49.99,07 Sep 23,43.04
Micron MTFDHBA512TCK,https://www.harddrivebenchmark.net/hdd.php?hdd=Micron+MTFDHBA512TCK,13 May 21,99.99,17 Jul 23,34.01
Micron 2200S NVMe 512GB,https://www.harddrivebenchmark.net/hdd.php?hdd=Micron+2200S+NVMe+512GB,17 Jul 23,34.01,18 Oct 23,27.39
Crucial P5 Plus 500GB,https://www.harddrivebenchmark.net/hdd.php?hdd=Crucial+P5+Plus+500GB,17 Nov 21,138,02 Jan 24,103.99
Patriot M.2 P310 480GB,https://www.harddrivebenchmark.net/hdd.php?hdd=Patriot+M.2+P310+480GB,31 Dec 22,29.99,23 Nov 23,41.99
HFM512GD3JX016N,https://www.harddrivebenchmark.net/hdd.php?hdd=HFM512GD3JX016N,17 Sep 23,37.79,25 Oct 23,35.9
Force MP600,https://www.harddrivebenchmark.net/hdd.php?hdd=Force+MP600,,,,
M.2 PCIE 2280 SSD 512GB,https://www.harddrivebenchmark.net/hdd.php?hdd=M.2+PCIE+2280+SSD+512GB,27 Jan 24,31.99,08 Apr 24,36.99
MSI M450 500GB,https://www.harddrivebenchmark.net/hdd.php?hdd=MSI+M450+500GB,17 May 23,29.99,29 Feb 24,41.99
WD Blue SN570 500GB,https://www.harddrivebenchmark.net/hdd.php?hdd=WD+Blue+SN570+500GB,,,,
KXG60ZNV512G TOSHIBA,https://www.harddrivebenchmark.net/hdd.php?hdd=KXG60ZNV512G+TOSHIBA,15 May 21,123.99,16 Aug 23,56.69
KBG40ZNV512G KIOXIA,https://www.harddrivebenchmark.net/hdd.php?hdd=KBG40ZNV512G+KIOXIA,17 Jul 23,34.95,27 Oct 23,28.34
KXG60ZNV512G KIOXIA,https://www.harddrivebenchmark.net/hdd.php?hdd=KXG60ZNV512G+KIOXIA,11 Aug 23,47.24,18 Oct 23,37.79
NVMe PC SN740 NVMe WD 512GB,https://www.harddrivebenchmark.net/hdd.php?hdd=NVMe+PC+SN740+NVMe+WD+512GB,,,,
KINGSTON KC3000 512GB,https://www.harddrivebenchmark.net/hdd.php?hdd=KINGSTON+KC3000+512GB,17 Jul 23,105.99,04 Mar 24,81
WD Red SN700 500GB,https://www.harddrivebenchmark.net/hdd.php?hdd=WD+Red+SN700+500GB,18 Jul 23,122.99,15 Dec 23,51.47
ADATA SX8200PNP,https://www.harddrivebenchmark.net/hdd.php?hdd=ADATA+SX8200PNP,,,,
Micron 2210 MTFDHBA512QFD,https://www.harddrivebenchmark.net/hdd.php?hdd=Micron+2210+MTFDHBA512QFD,07 Sep 21,143.75,24 Sep 23,31.17
HP SSD EX900 500GB,https://www.harddrivebenchmark.net/hdd.php?hdd=HP+SSD+EX900+500GB,21 Jun 19,63.99,31 Oct 23,27.99
MSI M371 500GB,https://www.harddrivebenchmark.net/hdd.php?hdd=MSI+M371+500GB,,,,
Acer SSD FA100 512GB,https://www.harddrivebenchmark.net/hdd.php?hdd=Acer+SSD+FA100+512GB,17 Jul 23,27.99,01 Mar 24,42.99
SSDPEMKF512G8 NVMe INTEL 512GB,https://www.harddrivebenchmark.net/hdd.php?hdd=SSDPEMKF512G8+NVMe+INTEL+512GB,,,,
WDC WDS480G2G0C,https://www.harddrivebenchmark.net/hdd.php?hdd=WDC+WDS480G2G0C,,,,
NVMe PM9B1 NVMe Samsung 512GB,https://www.harddrivebenchmark.net/hdd.php?hdd=NVMe+PM9B1+NVMe+Samsung+512GB,,,,
Samsung SSD 980 PRO 500GB,https://www.harddrivebenchmark.net/hdd.php?hdd=Samsung+SSD+980+PRO+500GB,17 Oct 20,149.99,08 Nov 23,79.99
NVMe PNY CS3030 500GB,https://www.harddrivebenchmark.net/hdd.php?hdd=NVMe+PNY+CS3030+500GB,,,,
NVMe PC SN730 NVMe WD,https://www.harddrivebenchmark.net/hdd.php?hdd=NVMe+PC+SN730+NVMe+WD,,,,
GIGABYTE G325E500G,https://www.harddrivebenchmark.net/hdd.php?hdd=GIGABYTE+G325E500G,21 Jul 23,59.9,03 Apr 24,56.89
NVMe ADATA LEGEND 700,https://www.harddrivebenchmark.net/hdd.php?hdd=NVMe+ADATA+LEGEND+700,,,,
MSI M390 500GB,https://www.harddrivebenchmark.net/hdd.php?hdd=MSI+M390+500GB,19 Feb 22,79.99,06 Mar 24,56.99
INTEL SSDPEKNW512G8H,https://www.harddrivebenchmark.net/hdd.php?hdd=INTEL+SSDPEKNW512G8H,17 Jul 23,39.68,18 Oct 23,28.34
NVMe WDC WDS500G2B0C,https://www.harddrivebenchmark.net/hdd.php?hdd=NVMe+WDC+WDS500G2B0C,17 May 23,59.85,08 Dec 23,69.99
NVMe SSD,https://www.harddrivebenchmark.net/hdd.php?hdd=NVMe+SSD,20 Dec 23,29.99,27 Mar 24,48.19
NVMe Sabrent Rocket 4,https://www.harddrivebenchmark.net/hdd.php?hdd=NVMe+Sabrent+Rocket+4,,,,
Crucial P3 500GB,https://www.harddrivebenchmark.net/hdd.php?hdd=Crucial+P3+500GB,30 Jul 23,39.99,25 Mar 24,69.99
NVMe PCIe 512GB,https://www.harddrivebenchmark.net/hdd.php?hdd=NVMe+PCIe+512GB,11 Feb 24,32.99,02 Apr 24,37.99
WDC PC SN810 SDCPNRY 1TB,https://www.harddrivebenchmark.net/hdd.php?hdd=WDC+PC+SN810+SDCPNRY+1TB,,,,
WD Blue SN580 1TB,https://www.harddrivebenchmark.net/hdd.php?hdd=WD+Blue+SN580+1TB,,,,
GEN4 1TB,https://www.harddrivebenchmark.net/hdd.php?hdd=GEN4+1TB,15 Oct 23,49.99,11 Apr 24,68.99
CT1000T500SSD8,https://www.harddrivebenchmark.net/hdd.php?hdd=CT1000T500SSD8,,,,
NVMe Sabrent Rocket 4.0 1TB,https://www.harddrivebenchmark.net/hdd.php?hdd=NVMe+Sabrent+Rocket+4.0+1TB,17 May 23,99.99,03 Oct 23,59.99
Predator SSD GM7000 1TB,https://www.harddrivebenchmark.net/hdd.php?hdd=Predator+SSD+GM7000+1TB,08 Dec 22,104.99,07 Feb 24,77.99
Viper VP4300 1TB,https://www.harddrivebenchmark.net/hdd.php?hdd=Viper+VP4300+1TB,31 Jul 22,164.99,27 Sep 23,79.99
ADATA LEGEND 960,https://www.harddrivebenchmark.net/hdd.php?hdd=ADATA+LEGEND+960,,,,
ADATA LEGEND 900,https://www.harddrivebenchmark.net/hdd.php?hdd=ADATA+LEGEND+900,,,,
MSI M460 1TB,https://www.harddrivebenchmark.net/hdd.php?hdd=MSI+M460+1TB,,,,
ADATA LEGEND 740,https://www.harddrivebenchmark.net/hdd.php?hdd=ADATA+LEGEND+740,,,,
MSI M450 1TB,https://www.harddrivebenchmark.net/hdd.php?hdd=MSI+M450+1TB,17 May 23,59.99,31 Mar 24,72.99
Corsair MP600 PRO XT 1TB,https://www.harddrivebenchmark.net/hdd.php?hdd=Corsair+MP600+PRO+XT+1TB,17 May 23,89.99,12 Mar 24,109.99
Corsair MP600 PRO LPX,https://www.harddrivebenchmark.net/hdd.php?hdd=Corsair+MP600+PRO+LPX,,,,
Crucial T700 1TB Gen5 M.2,https://www.harddrivebenchmark.net/hdd.php?hdd=Crucial+T700+1TB+Gen5+M.2,02 Jul 23,179.99,03 Apr 24,204
KXG60ZNV1T02 KIOXIA,https://www.harddrivebenchmark.net/hdd.php?hdd=KXG60ZNV1T02+KIOXIA,,,,
CT1000P3PSSD8,https://www.harddrivebenchmark.net/hdd.php?hdd=CT1000P3PSSD8,,,,
CT1000T500SSD5,https://www.harddrivebenchmark.net/hdd.php?hdd=CT1000T500SSD5,,,,
WD Green SN350 1TB,https://www.harddrivebenchmark.net/hdd.php?hdd=WD+Green+SN350+1TB,,,,
Samsung SSD 990 PRO 1TB,https://www.harddrivebenchmark.net/hdd.php?hdd=Samsung+SSD+990+PRO+1TB,26 May 23,149.99,07 Sep 23,99.99
Crucial P5 Plus 1TB,https://www.harddrivebenchmark.net/hdd.php?hdd=Crucial+P5+Plus+1TB,05 Apr 22,210.61,25 Jan 24,92.99
ADATA LEGEND 850 LITE,https://www.harddrivebenchmark.net/hdd.php?hdd=ADATA+LEGEND+850+LITE,,,,
NVMe WD Blue SN570 1TB,https://www.harddrivebenchmark.net/hdd.php?hdd=NVMe+WD+Blue+SN570+1TB,17 May 23,69.99,29 Feb 24,69.99
BC711 NVMe SK hynix 1TB,https://www.harddrivebenchmark.net/hdd.php?hdd=BC711+NVMe+SK+hynix+1TB,17 Sep 23,70.86,26 Dec 23,57.74
Micron MTFDHBA1T0TCK,https://www.harddrivebenchmark.net/hdd.php?hdd=Micron+MTFDHBA1T0TCK,07 Sep 21,306.3,19 Sep 23,56.69
KINGSTON KC3000 1TB,https://www.harddrivebenchmark.net/hdd.php?hdd=KINGSTON+KC3000+1TB,,,,
SABRENT 1TB Rocket 4 Plus,https://www.harddrivebenchmark.net/hdd.php?hdd=SABRENT+1TB+Rocket+4+Plus,01 Aug 23,119.99,05 Mar 24,139.99
PNY CS2140 1TB SSD,https://www.harddrivebenchmark.net/hdd.php?hdd=PNY+CS2140+1TB+SSD,13 Sep 22,89.99,15 Jan 23,77.99
Crucial T700 1TB Gen5 with heatsink,https://www.harddrivebenchmark.net/hdd.php?hdd=Crucial+T700+1TB+Gen5+with+heatsink,,,,
NVMe Samsung 980 PRO,https://www.harddrivebenchmark.net/hdd.php?hdd=NVMe+Samsung+980+PRO,17 May 23,98.85,06 Mar 24,123
Predator SSD GM3500 1TB,https://www.harddrivebenchmark.net/hdd.php?hdd=Predator+SSD+GM3500+1TB,05 Jan 23,79.99,21 Mar 24,49.99
CT1000P3SSD8,https://www.harddrivebenchmark.net/hdd.php?hdd=CT1000P3SSD8,,,,
NVMe WD BLACK SN850 1TB,https://www.harddrivebenchmark.net/hdd.php?hdd=NVMe+WD+BLACK+SN850+1TB,16 Jul 22,185.39,23 Aug 23,272.13
KBG40ZNV1T02 KIOXIA,https://www.harddrivebenchmark.net/hdd.php?hdd=KBG40ZNV1T02+KIOXIA,17 Sep 23,51.96,02 Nov 23,47.24
Corsair MP600 MINI,https://www.harddrivebenchmark.net/hdd.php?hdd=Corsair+MP600+MINI,,,,
Patriot M.2 P310 960GB,https://www.harddrivebenchmark.net/hdd.php?hdd=Patriot+M.2+P310+960GB,,,,
WDC WDS960G2G0C,https://www.harddrivebenchmark.net/hdd.php?hdd=WDC+WDS960G2G0C,23 Feb 22,110,29 Dec 23,99.99
GIGABYTE G325E1TB,https://www.harddrivebenchmark.net/hdd.php?hdd=GIGABYTE+G325E1TB,,,,
Samsung SSD 990 EVO 1TB,https://www.harddrivebenchmark.net/hdd.php?hdd=Samsung+SSD+990+EVO+1TB,,,,
MSI M371 1TB,https://www.harddrivebenchmark.net/hdd.php?hdd=MSI+M371+1TB,17 May 23,42.99,11 Mar 24,49.99
NVMe Sabrent Rocket Q,https://www.harddrivebenchmark.net/hdd.php?hdd=NVMe+Sabrent+Rocket+Q,,,,
INTEL SSDPEKNU010TZ,https://www.harddrivebenchmark.net/hdd.php?hdd=INTEL+SSDPEKNU010TZ,16 Jun 21,234.49,13 Nov 23,109.99
Corsair MP600 CORE XT,https://www.harddrivebenchmark.net/hdd.php?hdd=Corsair+MP600+CORE+XT,,,,
GIGABYTE AORUS Gen5 12000 1TB,https://www.harddrivebenchmark.net/hdd.php?hdd=GIGABYTE+AORUS+Gen5+12000+1TB,,,,
ADATA FALCON,https://www.harddrivebenchmark.net/hdd.php?hdd=ADATA+FALCON,,,,
Predator SSD GM7000 2TB,https://www.harddrivebenchmark.net/hdd.php?hdd=Predator+SSD+GM7000+2TB,17 May 23,129.99,11 Feb 24,129.99
GIGABYTE AG4732TB,https://www.harddrivebenchmark.net/hdd.php?hdd=GIGABYTE+AG4732TB,,,,
PNY CS3140 2TB SSD,https://www.harddrivebenchmark.net/hdd.php?hdd=PNY+CS3140+2TB+SSD,,,,
Viper VP4300 2TB,https://www.harddrivebenchmark.net/hdd.php?hdd=Viper+VP4300+2TB,18 Jul 23,119.99,29 Mar 24,189.99
MSI M482 2TB,https://www.harddrivebenchmark.net/hdd.php?hdd=MSI+M482+2TB,,,,
MSI M480 2TB,https://www.harddrivebenchmark.net/hdd.php?hdd=MSI+M480+2TB,31 Jan 22,382.99,10 Apr 24,154.99
WD Blue SN580 2TB,https://www.harddrivebenchmark.net/hdd.php?hdd=WD+Blue+SN580+2TB,,,,
CT2000T500SSD8,https://www.harddrivebenchmark.net/hdd.php?hdd=CT2000T500SSD8,,,,
Samsung SSD 990 PRO 2TB,https://www.harddrivebenchmark.net/hdd.php?hdd=Samsung+SSD+990+PRO+2TB,17 May 23,239.99,05 Sep 23,189.99
MSI M570 2TB,https://www.harddrivebenchmark.net/hdd.php?hdd=MSI+M570+2TB,17 Jul 23,349.99,08 Apr 24,329.99
MSI M450 2TB,https://www.harddrivebenchmark.net/hdd.php?hdd=MSI+M450+2TB,26 Oct 23,90.99,29 Feb 24,94.99
KINGSTON FURY Renegade 2TB,https://www.harddrivebenchmark.net/hdd.php?hdd=KINGSTON+FURY+Renegade+2TB,31 Jul 22,284.99,01 Mar 24,246.99
Crucial T705 2TB Gen5 M.2,https://www.harddrivebenchmark.net/hdd.php?hdd=Crucial+T705+2TB+Gen5+M.2,,,,
ADATA LEGEND 850,https://www.harddrivebenchmark.net/hdd.php?hdd=ADATA+LEGEND+850,17 May 23,169.77,27 Jan 24,139.99
NVMe WD Green SN350 2TB,https://www.harddrivebenchmark.net/hdd.php?hdd=NVMe+WD+Green+SN350+2TB,13 Nov 23,139.99,29 Feb 24,139.99
Samsung SSD 980 PRO 2TB,https://www.harddrivebenchmark.net/hdd.php?hdd=Samsung+SSD+980+PRO+2TB,02 Mar 21,429.99,16 Jan 24,218
NVMe WD BLACK SN770 2TB,https://www.harddrivebenchmark.net/hdd.php?hdd=NVMe+WD+BLACK+SN770+2TB,,,,
Corsair MP600 PRO,https://www.harddrivebenchmark.net/hdd.php?hdd=Corsair+MP600+PRO,,,,
KINGSTON KC3000 2TB,https://www.harddrivebenchmark.net/hdd.php?hdd=KINGSTON+KC3000+2TB,,,,
PNY CS2140 2TB SSD,https://www.harddrivebenchmark.net/hdd.php?hdd=PNY+CS2140+2TB+SSD,07 Dec 22,134.99,29 Feb 24,99.99
CT2000P3PSSD8,https://www.harddrivebenchmark.net/hdd.php?hdd=CT2000P3PSSD8,,,,
GIGABYTE AORUS Gen5 12000 SSD 2TB,https://www.harddrivebenchmark.net/hdd.php?hdd=GIGABYTE+AORUS+Gen5+12000+SSD+2TB,,,,
NVMe WD Blue SN570 2TB,https://www.harddrivebenchmark.net/hdd.php?hdd=NVMe+WD+Blue+SN570+2TB,,,,
CT2000T500SSD5,https://www.harddrivebenchmark.net/hdd.php?hdd=CT2000T500SSD5,,,,
NVMe Seagate FireCuda,https://www.harddrivebenchmark.net/hdd.php?hdd=NVMe+Seagate+FireCuda,09 Nov 20,369.99,13 Dec 23,179.75
Kingston KC3000 M.2 SSD,https://www.harddrivebenchmark.net/hdd.php?hdd=Kingston+KC3000+M.2+SSD,17 May 23,388.99,29 Feb 24,199.99
MSI M470 2TB,https://www.harddrivebenchmark.net/hdd.php?hdd=MSI+M470+2TB,,,,
WD BLACK SN770 2TB,https://www.harddrivebenchmark.net/hdd.php?hdd=WD+BLACK+SN770+2TB,,,,
NVMe PNY CS3140 2TB SSD,https://www.harddrivebenchmark.net/hdd.php?hdd=NVMe+PNY+CS3140+2TB+SSD,07 Jul 23,139.99,01 Mar 24,219.99
INTEL SSDPEKNU020TZ,https://www.harddrivebenchmark.net/hdd.php?hdd=INTEL+SSDPEKNU020TZ,24 Nov 21,219.99,30 Nov 23,107.26
Corsair MP700,https://www.harddrivebenchmark.net/hdd.php?hdd=Corsair+MP700,06 Aug 23,441.15,29 Feb 24,269.99
CT2000P5PSSD8,https://www.harddrivebenchmark.net/hdd.php?hdd=CT2000P5PSSD8,01 Apr 22,573.14,27 Dec 23,123.81
Crucial T700 2TB,https://www.harddrivebenchmark.net/hdd.php?hdd=Crucial+T700+2TB,19 Jun 23,339.99,17 Jan 24,349.99
Corsair MP600 GS,https://www.harddrivebenchmark.net/hdd.php?hdd=Corsair+MP600+GS,,,,
Samsung SSD 990 EVO 2TB,https://www.harddrivebenchmark.net/hdd.php?hdd=Samsung+SSD+990+EVO+2TB,,,,
Samsung 980 PRO with Heatsink 2TB,https://www.harddrivebenchmark.net/hdd.php?hdd=Samsung+980+PRO+with+Heatsink+2TB,,,,
WDC SN810 NVMe 2TB,https://www.harddrivebenchmark.net/hdd.php?hdd=WDC+SN810+NVMe+2TB,,,,
CT2000P3SSD8,https://www.harddrivebenchmark.net/hdd.php?hdd=CT2000P3SSD8,,,,
Kingston NV2 2TB M.2 2280,https://www.harddrivebenchmark.net/hdd.php?hdd=Kingston+NV2+2TB+M.2+2280,,,,
WDC WD20EURS,https://www.harddrivebenchmark.net/hdd.php?hdd=WDC+WD20EURS,15 Jul 11,99.99,14 Jan 23,99
WD Green SN350 2TB,https://www.harddrivebenchmark.net/hdd.php?hdd=WD+Green+SN350+2TB,,,,
PNY CS3040 2TB SSD,https://www.harddrivebenchmark.net/hdd.php?hdd=PNY+CS3040+2TB+SSD,02 Nov 21,429.99,24 Nov 23,179.99
PNY CS2241 2TB SSD,https://www.harddrivebenchmark.net/hdd.php?hdd=PNY+CS2241+2TB+SSD,03 Oct 23,99.99,29 Feb 24,129.99
Corsair MP600 CORE,https://www.harddrivebenchmark.net/hdd.php?hdd=Corsair+MP600+CORE,,,,
Lexar 2TB SSD,https://www.harddrivebenchmark.net/hdd.php?hdd=Lexar+2TB+SSD,26 May 23,246.56,10 Feb 24,179.99
Seagate ST8000DX001,https://www.harddrivebenchmark.net/hdd.php?hdd=Seagate+ST8000DX001,07 Jun 23,167.65,11 Aug 23,320.35
Samsung SSD 990 PRO 4TB,https://www.harddrivebenchmark.net/hdd.php?hdd=Samsung+SSD+990+PRO+4TB,,,,
Crucial T700 4TB Gen5,https://www.harddrivebenchmark.net/hdd.php?hdd=Crucial+T700+4TB+Gen5,30 Jul 23,599.99,17 Jan 24,599.99
FANTOM DRIVES VENOM8,https://www.harddrivebenchmark.net/hdd.php?hdd=FANTOM+DRIVES+VENOM8,17 May 23,359.99,09 Mar 24,389.95
KINGSTON FURY Renegade 4TB,https://www.harddrivebenchmark.net/hdd.php?hdd=KINGSTON+FURY+Renegade+4TB,22 Jul 22,988.99,30 Mar 24,449.99
Crucial T700 4TB Gen5 with heatsink,https://www.harddrivebenchmark.net/hdd.php?hdd=Crucial+T700+4TB+Gen5+with+heatsink,,,,
PNY CS2241 4TB SSD,https://www.harddrivebenchmark.net/hdd.php?hdd=PNY+CS2241+4TB+SSD,,,,
WDC WD40EFAX,https://www.harddrivebenchmark.net/hdd.php?hdd=WDC+WD40EFAX,07 Jun 23,124.99,02 Mar 24,124.99
CT4000P3PSSD8,https://www.harddrivebenchmark.net/hdd.php?hdd=CT4000P3PSSD8,07 Jun 23,263.99,29 Mar 24,359.99
Transcend TS4TMTE250S,https://www.harddrivebenchmark.net/hdd.php?hdd=Transcend+TS4TMTE250S,,,,
MSI M461 4TB,https://www.harddrivebenchmark.net/hdd.php?hdd=MSI+M461+4TB,26 Jul 23,229.99,31 Mar 24,271.99
Seagate ST4000VN008,https://www.harddrivebenchmark.net/hdd.php?hdd=Seagate+ST4000VN008,27 Sep 22,107.54,11 Mar 24,149
PNY CS3140 4TB SSD,https://www.harddrivebenchmark.net/hdd.php?hdd=PNY+CS3140+4TB+SSD,11 Aug 23,379.99,01 Mar 24,494.99
CT4000P3SSD8,https://www.harddrivebenchmark.net/hdd.php?hdd=CT4000P3SSD8,,,,
WDC WD40EZRZ,https://www.harddrivebenchmark.net/hdd.php?hdd=WDC+WD40EZRZ,,,,
KINGSTON KC3000 4TB,https://www.harddrivebenchmark.net/hdd.php?hdd=KINGSTON+KC3000+4TB,,,,
SanDisk SDSSDH3 4T00,https://www.harddrivebenchmark.net/hdd.php?hdd=SanDisk+SDSSDH3+4T00,,,,
Seagate ST4000DM005,https://www.harddrivebenchmark.net/hdd.php?hdd=Seagate+ST4000DM005,22 Dec 18,99.99,25 Jul 23,151.37
Seagate ST3000DM001,https://www.harddrivebenchmark.net/hdd.php?hdd=Seagate+ST3000DM001,25 Dec 11,239.99,17 Dec 22,69
Seagate ST4000DM004,https://www.harddrivebenchmark.net/hdd.php?hdd=Seagate+ST4000DM004,22 Dec 18,127.76,24 Feb 24,117.32
INTEL SSDPE2KX040T8,https://www.harddrivebenchmark.net/hdd.php?hdd=INTEL+SSDPE2KX040T8,,,,
Oyen Digital PCIe SSD,https://www.harddrivebenchmark.net/hdd.php?hdd=Oyen+Digital+PCIe+SSD,,,,
Seagate ST3000DM008,https://www.harddrivebenchmark.net/hdd.php?hdd=Seagate+ST3000DM008,22 Dec 18,117.32,19 Jun 23,75
Sabrent,https://www.harddrivebenchmark.net/hdd.php?hdd=Sabrent,26 May 21,799.99,24 Feb 24,702.99
Seagate ST4000VX007,https://www.harddrivebenchmark.net/hdd.php?hdd=Seagate+ST4000VX007,,,,
WDC WD6003FZBX,https://www.harddrivebenchmark.net/hdd.php?hdd=WDC+WD6003FZBX,,,,
Seagate ST8000DM004,https://www.harddrivebenchmark.net/hdd.php?hdd=Seagate+ST8000DM004,24 Sep 22,182.79,29 Mar 24,186
Seagate ST33000650NS,https://www.harddrivebenchmark.net/hdd.php?hdd=Seagate+ST33000650NS,12 Jun 13,289.99,17 Sep 23,52.99
PNY CS3040 4TB SSD,https://www.harddrivebenchmark.net/hdd.php?hdd=PNY+CS3040+4TB+SSD,,,,
WDC WD40EZRX,https://www.harddrivebenchmark.net/hdd.php?hdd=WDC+WD40EZRX,11 Dec 14,139.99,26 Feb 24,112.44
PNY CS2130 4TB SSD,https://www.harddrivebenchmark.net/hdd.php?hdd=PNY+CS2130+4TB+SSD,17 May 23,595.74,21 Sep 23,649.97
Seagate ST3000NM0033,https://www.harddrivebenchmark.net/hdd.php?hdd=Seagate+ST3000NM0033,20 Dec 18,139.95,16 Feb 19,229.7
Hitachi HUA723030ALA640,https://www.harddrivebenchmark.net/hdd.php?hdd=Hitachi+HUA723030ALA640,09 Jul 17,157.95,14 Sep 21,59.99
Samsung SSD 870 EVO 4TB,https://www.harddrivebenchmark.net/hdd.php?hdd=Samsung+SSD+870+EVO+4TB,21 Dec 21,778.99,05 Mar 24,345
Seagate ST4000DM000,https://www.harddrivebenchmark.net/hdd.php?hdd=Seagate+ST4000DM000,,,,
CT4000MX500SSD1,https://www.harddrivebenchmark.net/hdd.php?hdd=CT4000MX500SSD1,,,,
Seagate ST4000NM0033,https://www.harddrivebenchmark.net/hdd.php?hdd=Seagate+ST4000NM0033,,,,
TOSHIBA DT01ACA300,https://www.harddrivebenchmark.net/hdd.php?hdd=TOSHIBA+DT01ACA300,20 Dec 14,99.99,26 Dec 23,63
WDC WD4005FZBX,https://www.harddrivebenchmark.net/hdd.php?hdd=WDC+WD4005FZBX,02 May 22,129.99,21 Sep 22,112.49
Hitachi HDS723030ALA640,https://www.harddrivebenchmark.net/hdd.php?hdd=Hitachi+HDS723030ALA640,31 Jul 22,54,09 Feb 24,67.74
WDC WD40EZAZ,https://www.harddrivebenchmark.net/hdd.php?hdd=WDC+WD40EZAZ,,,,
TOSHIBA MD04ACA400,https://www.harddrivebenchmark.net/hdd.php?hdd=TOSHIBA+MD04ACA400,27 Feb 16,199.99,16 Mar 19,148.99
WDC WUS721010ALE6L4,https://www.harddrivebenchmark.net/hdd.php?hdd=WDC+WUS721010ALE6L4,,,,
Samsung SSD 860 EVO 4TB,https://www.harddrivebenchmark.net/hdd.php?hdd=Samsung+SSD+860+EVO+4TB,09 Aug 19,713.99,05 Jan 24,594.99
INTEL SSDPE2KX080T8,https://www.harddrivebenchmark.net/hdd.php?hdd=INTEL+SSDPE2KX080T8,,,,
WDC WD40PURZ,https://www.harddrivebenchmark.net/hdd.php?hdd=WDC+WD40PURZ,,,,
