"","Memory","Scores","Type","ReleaseDate","ReleasePrice","CurrentDate","CurrentPrice"
"1","Corsair CMD32GX4M4B3466C16 8GB",3659,"DDR4","2019-03-15","781.12","2019-04-13","644.5"
"2","Corsair CMR64GX4M8X3800C19 8GB",2839,"DDR4","2020-06-30","889.99","2020-06-30","889.99"
"3","Samsung M393A1G43EB1-CRC 8GB",2477,"DDR4","2021-06-30","121.83","2021-06-30","121.83"
"4","Samsung M393A4K40BB2-CTD 32GB",2681,"DDR4","2019-01-30","292.02","2019-06-08","189.18"
"5","Samsung M393A8G40MB2-CVF 64GB",2829,"DDR4","2021-12-31","815.98","2021-12-31","815.98"
"6","Samsung M393A2K40BB1-CRC 16GB",2254,"DDR4","2016-06-05","149.99","2019-03-23","137.99"
"7","Samsung M393A2K43BB1-CTD 16GB",2491,"DDR4","2022-06-30","217.94","2022-06-30","217.94"
"8","Samsung M393A4K40BB0-CPB 32GB",2198,"DDR4","2015-07-02","339.99","2019-05-08","190.65"
"9","Thermaltake Technology Co Ltd R016D408GX2-4600C19A 8GB",3901,"DDR4","2022-01-18","319","2022-12-01","269"
"10","Samsung M393A4K40CB2-CTD 32GB",2403,"DDR4","2020-06-30","369","2020-06-30","369"
"11","Corsair CMW64GX4M8C3200C16 8GB",3128,"DDR4","2020-06-30","399.99","2020-06-30","399.99"
"12","Corsair CMK64GX4M4K3733C17 16GB",3499,"DDR4","2022-09-30","839.99","2022-09-30","839.99"
"13","Samsung M393A1G40DB1-CRC 8GB",2343,"DDR4","2016-07-13","55.99","2016-11-04","99.99"
"14","Samsung M393A4K40BB1-CRC 32GB",2385,"DDR4","2016-06-05","269.99","2019-03-08","263.33"
"15","Corsair CMK32GX4M4K4133C19 8GB",3016,"DDR4","2019-01-04","529.99","2019-05-30","519.99"
"16","Samsung M393A1K43BB0-CRC 8GB",2368,"DDR4","2020-12-31","83.06","2020-12-31","83.06"
"17","Corsair CMD64GX4M8B3200C16 8GB",2665,"DDR4","2016-05-09","549.99","2019-01-04","899.99"
"18","Samsung M386A4G40DM0-CPB 32GB",2210,"DDR4","2015-04-01","389.99","2019-01-04","308.61"
"19","Samsung M393A2G40DB1-CRC 16GB",2375,"DDR4","2016-06-09","93.99","2016-09-29","169.99"
"20","Corsair CMK128GX4M8X3200C16 16GB",3078,"DDR4","2020-12-31","759.99","2020-12-31","759.99"
"21","Samsung M393A2G40EB1-CRC 16GB",2449,"DDR4","2020-06-30","175.01","2020-06-30","175.01"
"22","Corsair CMK32GX4M4B3466C16 8GB",3472,"DDR4","2016-02-06","299.99","2017-05-07","389.99"
"23","Samsung M393A2G40DB0-CPB 16GB",2352,"DDR4","2015-01-17","199.99","2019-05-08","59.75"
"24","Corsair CMD128GX4M8A2666C15 16GB",3120,"DDR4","2016-08-09","879.99","2019-04-02","999.99"
"25","Corsair CMK64GX4M8X4000C19 8GB",3057,"DDR4","2020-12-31","879.99","2020-12-31","879.99"
"26","Corsair CMD64GX4M4B3333C16 16GB",2914,"DDR4","2016-03-26","549.99","2019-04-25","996.61"
"27","Corsair CMD16GX4M4B3200C16 4GB",3159,"DDR4","2015-01-23","685.99","2019-02-16","259.99"
"28","Corsair CMD64GX4M8A2666C15 8GB",2755,"DDR4","2015-06-28","989.99","2019-05-16","629.99"
"29","Mushkin 99[2/7/4]200[F/T] 8GB",2245,"DDR4","2020-12-31","101.51","2020-12-31","101.51"
"30","Corsair CMR64GX4M4C3000C15 16GB",3211,"DDR4","2019-01-04","529.99","2019-05-01","769.99"
"31","Samsung M386A8K40BM1-CRC 64GB",2131,"DDR4","2019-01-04","699.99","2019-06-08","329.99"
"32","Corsair CMW128GX4M8C3200C16 16GB",3004,"DDR4","2020-06-30","819.99","2020-06-30","819.99"
"33","Samsung M393A1G43DB0-CPB 8GB",2328,"DDR4","2015-07-25","86.99","2019-04-29","66.99"
"34","Samsung M393A2K43BB1-CRC 16GB",2364,"DDR4","2016-07-21","111.08","2019-03-11","215.92"
"35","Corsair CMK64GX4M8Z2933C16 8GB",2617,"DDR4","2020-09-30","459.99","2020-09-30","459.99"
"36","Corsair CMK64GX4M4B2800C14 16GB",3543,"DDR4","2016-01-24","499.99","2017-02-18","464.99"
"37","Corsair CMK128GX4M8A2666C16 16GB",2721,"DDR4","2020-12-31","999.99","2020-12-31","999.99"
"38","Corsair CMD32GX4M4C3000C15 8GB",3106,"DDR4","2016-05-29","209.99","2019-03-31","699.99"
"39","Samsung M393A1G40DB0-CPB 8GB",2369,"DDR4","2014-09-30","192.82","2019-01-04","159.94"
"40","Corsair CMD64GX4M4A2666C15 16GB",2934,"DDR4","2016-11-25","469.99","2019-06-11","369.99"
"41","Samsung M393A4K40CB1-CRC 32GB",2410,"DDR4","2020-09-30","242.5","2020-09-30","242.5"
"42","Corsair CMT16GX4M2D3600C18 8GB",3314,"DDR4","2021-09-03","201.98","2022-03-01","199"
"43","Corsair CMSX64GX4M4A2666C18 16GB",3232,"DDR4","2020-06-30","559.99","2020-06-30","559.99"
"44","Corsair CMK128GX4M8B3000C16 16GB",2712,"DDR4","2020-03-31","764.99","2020-03-31","764.99"
"45","Samsung M393A5143DB0-CPB 4GB",2246,"DDR4","2016-08-13","120","2019-05-05","44.4"
"46","Corsair CMW64GX4M8X3600C18 8GB",2768,"DDR4","2019-01-04","809.99","2019-05-17","639.99"
"47","Corsair CMD64GX4M8A2400C14 8GB",2492,"DDR4","2015-05-29","899.99","2019-02-12","989.33"
"48","Corsair CMN64GX4M4Z3600C18 16GB",3372,"DDR4","2021-10-23","629","2023-10-10","316.95"
"49","Corsair CMK64GX4M8X4133C19 8GB",2538,"DDR4","2023-06-30","899.99","2023-06-30","899.99"
"50","Corsair CMK64GX4M4B3333C16 16GB",3128,"DDR4","2016-02-10","519.99","2019-01-10","759.99"
"51","Crucial Technology CT16G4DFRA32A.C16FN 16GB",3170,"DDR4","2023-01-31","41.99","2023-07-16","28.99"
"52","Corsair CMD64GX4M4C3000C15 16GB",3203,"DDR4","2017-01-07","489.99","2019-03-02","578.81"
"53","Thermaltake Technology Co Ltd R020D408GX2-4400C19A 8GB",3472,"DDR4","2021-11-17","229","2023-03-25","114.5"
"54","Corsair CMD16GX4M4B3600C18 4GB",2875,"DDR4","2016-07-13","239.99","2019-02-11","631.17"
"55","Corsair CMN32GX4M2Z4600C18 16GB",3530,"DDR4","2021-10-23","499","2023-10-18","389.95"
"56","Crucial Technology CT4G4DFS8213.C8FAR 4GB",2768,"DDR4","2014-09-12","49.99","2015-03-06","43.99"
"57","Corsair CMN32GX4M2Z4000C18 16GB",3283,"DDR4","2021-12-31","436.95","2021-12-31","436.95"
"58","Samsung M393A2G40EB2-CTD 16GB",1807,"DDR4","2019-01-04","198.6","2019-05-24","112.99"
"59","Thermaltake Technology Co Ltd R022D408GX2-4600C19A 8GB",3578,"DDR4","2021-11-17","309","2023-04-15","209"
"60","Corsair CMR32GX4M4C3466C16 8GB",3822,"DDR4","2020-09-30","523.32","2020-09-30","523.32"
"61","Thermaltake Technology Co Ltd R009D408GX2-4000C19A 8GB",3302,"DDR4","2021-11-17","209","2023-04-15","159"
"62","Corsair CMD32GX4M4A2666C15 8GB",3088,"DDR4","2014-10-16","849.99","2019-01-04","279.99"
"63","Thermaltake Technology Co Ltd R010D408GX2-3600C18A 8GB",3269,"DDR4","2021-09-30","149","2021-09-30","149"
"64","Corsair CMW32GX4M4Z2933C16 8GB",3264,"DDR4","2019-01-13","279.99","2019-04-30","209.99"
"65","Corsair CMK16GX4M4B3600C18 4GB",3303,"DDR4","2020-09-30","159.99","2020-09-30","159.99"
"66","Crucial Technology CT16G4DFD832A.C16FJ 16GB",3300,"DDR4","2020-09-30","86.99","2020-09-30","86.99"
"67","Corsair CMN128GX4M4Z3600C18 32GB",3495,"DDR4","2022-09-30","572.95","2022-09-30","572.95"
"68","Corsair CMK64GX4M4A2400C16 16GB",3134,"DDR4","2023-03-31","454.99","2023-03-31","454.99"
"69","Corsair CMD128GX4M8B3000C16 16GB",2996,"DDR4","2021-06-30","977.79","2021-06-30","977.79"
"70","GIGA - BYTE Technology Co Ltd GP-ARS16G44 8GB",3392,"DDR4","2020-12-31","179","2020-12-31","179"
"71","A-DATA Technology AX4U36008G18I-DTBKD3 8GB",3201,"DDR4","2023-12-31","82.95","2023-12-31","82.95"
"72","Corsair CMK32GX4M4Z3200C16 8GB",3271,"DDR4","2019-01-04","376.99","2019-05-28","404.54"
"73","Corsair CMD32GX4M4B3200C16 8GB",3358,"DDR4","2016-01-07","329.99","2017-02-17","379.99"
"74","Corsair CMU32GX4M4C3400C16 8GB",3475,"DDR4","2016-07-25","219.99","2017-03-30","299.99"
"75","Corsair CMN16GX4M2Z3600C16 8GB",3254,"DDR4","2021-12-31","133.95","2021-12-31","133.95"
"76","Thermaltake Technology Co Ltd RA24D408GX2-3600C18A 8GB",3655,"DDR4","2021-03-31","89","2021-03-31","89"
"77","Corsair CMT32GX4M4C3600C18 8GB",3464,"DDR4","2019-04-22","379.99","2023-07-21","298.95"
"78","Corsair CMW32GX4M4K4000C19 8GB",3644,"DDR4","2019-01-13","659.99","2019-06-03","754.99"
"79","Corsair CMD16GX4M2B3733C17 8GB",3507,"DDR4","2017-05-08","239.99","2019-01-27","498.34"
"80","Corsair CMD64GX4M4C3200C16 16GB",3278,"DDR4","2016-05-07","499.99","2019-04-30","479.99"
"81","Thermaltake Technology Co Ltd R009R432GX2-3600C18A 32GB",3595,"DDR4","2021-09-03","739","2022-05-29","559"
"82","Corsair CMN32GX4M2Z3600C16 16GB",3479,"DDR4","2021-12-27","319","2023-12-05","169.95"
"83","Corsair CMW16GX4M2K4000C19 8GB",3364,"DDR4","2019-03-16","578.44","2022-01-25","256.98"
"84","Corsair CMN64GX4M2Z3600C18 32GB",3588,"DDR4","2022-09-30","749","2022-09-30","749"
"85","Corsair CMK64GX4M4C3200C16 16GB",3430,"DDR4","2019-01-04","519.99","2019-05-23","359.99"
"86","Corsair CMD64GX4M4B2800C14 16GB",2960,"DDR4","2015-12-26","599.99","2016-12-12","563.34"
"87","Corsair CMW128GX4M8C3000C16 16GB",3168,"DDR4","2021-06-30","979.99","2021-06-30","979.99"
"88","Corsair CMD16GX4M4B2133C10 4GB",2929,"DDR4","2015-06-13","289.99","2017-02-04","190.63"
"89","Thermaltake Technology Co Ltd R016D408GX2-3600C18A 8GB",3480,"DDR4","2022-03-31","169","2022-03-31","169"
"90","Corsair CMR128GX4M8C3000C16 16GB",3291,"DDR4","2023-06-30","999.99","2023-06-30","999.99"
"91","Corsair CMN32GX4M2Z3600C18 16GB",3370,"DDR4","2021-09-14","319","2023-03-31","198.95"
"92","Corsair CMD16GX4M4C3200C16 4GB",3255,"DDR4","2016-05-12","159.99","2019-05-07","565.79"
"93","Corsair CMW32GX4M4C3466C16 8GB",3622,"DDR4","2019-01-04","409.99","2019-06-08","279.99"
"94","Corsair CMK64GX4M4C3000C15 16GB",3026,"DDR4","2019-01-04","699.99","2019-06-04","449.99"
"95","Thermaltake Technology Co Ltd R022D408GX2-3600C18A 8GB",3384,"DDR4","2021-11-17","169","2024-03-06","75"
"96","Corsair CMK32GX4M2F4000C19 16GB",3579,"DDR4","2019-01-04","818.22","2019-06-08","655.39"
"97","Corsair CMR32GX4M2F3600C18 16GB",3651,"DDR4","2022-03-31","761.99","2022-03-31","761.99"
"98","Corsair CMT32GX4M4K3600C16 8GB",3634,"DDR4","2020-06-30","529.99","2020-06-30","529.99"
"99","Crucial Technology BLE4G4D32AEEA.K8FE 4GB",3442,"DDR4","2016-09-23","34.99","2018-03-31","151.74"
"100","Thermaltake Technology Co Ltd R022D408GX2-4400C19A 8GB",3322,"DDR4","2021-11-17","249","2022-12-07","199"
"101","A-DATA Technology AX4U36008G18I-DT60 8GB",3504,"DDR4","2023-03-31","93.95","2023-03-31","93.95"
"102","Corsair CMD16GX4M4A2666C15 4GB",2878,"DDR4","2014-10-11","459.99","2019-01-07","362.14"
"103","Corsair CMK32GX4M4C3400C16 8GB",3529,"DDR4","2020-06-30","319.99","2020-06-30","319.99"
"104","Crucial Technology BLE4G4D30AEEA.K8FE 4GB",2989,"DDR4","2020-08-19","48.22","2022-04-21","57.54"
"105","Corsair CMK64GX4M8X3600C18 8GB",3597,"DDR4","2019-01-04","839.99","2019-06-01","759.99"
"106","Thermaltake Technology Co Ltd R009D408GX2-4600C19A 8GB",3708,"DDR4","2021-11-17","309","2023-04-15","209"
"107","Corsair CMW16GX4M2C3200C14 8GB",3670,"DDR4","2019-01-05","229.99","2019-05-23","214.99"
"108","Corsair CMH16GX4M2Z3600C18 8GB",3365,"DDR4","2021-09-22","165.98","2024-02-10","92.95"
"109","Corsair CMW32GX4M2C3466C16 16GB",3656,"DDR4","2019-02-16","349.99","2019-06-11","269.99"
"110","Crucial Technology BLS16G4D32AEST.M16FE 16GB",3401,"DDR4","2019-05-08","126.12","2019-09-17","85.99"
"111","Thermaltake Technology Co Ltd RA24D408GX2-4400C19A 8GB",3670,"DDR4","2020-12-31","189","2020-12-31","189"
"112","Corsair CMR32GX4M4C3333C16 8GB",3463,"DDR4","2019-01-04","575.99","2019-06-02","657.1"
"113","Crucial Technology BLE8G4D36BEEAK.M8FE1 8GB",3557,"DDR4","2019-08-01","71.99","2021-02-03","119.9"
"114","Corsair CMD16GX4M4A2800C16 4GB",2887,"DDR4","2022-09-30","253.19","2022-09-30","253.19"
"115","Corsair CMU64GX4M4A2666C16 16GB",3087,"DDR4","2016-11-16","359.99","2019-01-25","439.99"
"116","Corsair CMN16GX4M2Z3600C18 8GB",3104,"DDR4","2021-12-31","99","2021-12-31","99"
"117","A-DATA Technology AX4U360016G18I-DTBKD 16GB",3555,"DDR4","2023-12-31","150.95","2023-12-31","150.95"
"118","Corsair CMK32GX4M4Z2933C16 8GB",2944,"DDR4","2019-01-04","239.99","2019-05-07","167.99"
"119","Corsair CMT16GX4M2C3600C18 8GB",3373,"DDR4","2019-03-17","209.99","2023-10-10","157.95"
"120","Thermaltake Technology Co Ltd R017D408GX2-4400C19A 8GB",3318,"DDR4","2021-03-31","169","2021-03-31","169"
"121","Corsair CMR64GX4M4C3200C16 16GB",3065,"DDR4","2021-03-31","499.99","2021-03-31","499.99"
"122","Thermaltake Technology Co Ltd R022D416GX2-3600C18A 16GB",3460,"DDR4","2021-11-17","339","2023-05-26","119"
"123","Kingston KF432S20IBK2/16 8GB",2683,"DDR4","2022-12-16","129","2024-03-01","78.95"
"124","Corsair CMK64GX4M8A2400C14 8GB",2810,"DDR4","2020-12-31","499.95","2020-12-31","499.95"
"125","Corsair CMD16GX4M2B3466C16 8GB",3331,"DDR4","2019-01-04","503.11","2019-05-24","335.32"
"126","Crucial Technology CT8G4SFS832A.C8FE 8GB",2794,"DDR4","2021-07-23","61","2022-05-23","39.61"
"127","Corsair CMG32GX4M4D3600C18 8GB",3491,"DDR4","2022-12-31","286.95","2022-12-31","286.95"
"128","Corsair CMK32GX4M4B3600C18 8GB",3310,"DDR4","2016-05-11","249.99","2019-04-20","329.99"
"129","Corsair CMN32GX4M4Z3200C16 8GB",3352,"DDR4","2021-09-30","162.95","2021-09-30","162.95"
"130","Corsair CMR64GX4M8C3000C15 8GB",2437,"DDR4","2023-12-31","969.99","2023-12-31","969.99"
"131","Crucial Technology BLS16G4D30AESB.M16FE 16GB",3444,"DDR4","2019-08-02","76.95","2020-07-23","74.99"
"132","G Skill Intl F4-2133C15-8GRK 8GB",2694,"DDR4","2014-09-25","499.99","2018-11-25","234.99"
"133","Corsair CMN64GX4M4Z3200C16 16GB",3326,"DDR4","2022-09-30","261.95","2022-09-30","261.95"
"134","Corsair CMW16GX4M2K3600C16 8GB",3077,"DDR4","2020-06-30","229.99","2020-06-30","229.99"
"135","Corsair CMD128GX4M8B2800C14 16GB",2944,"DDR4","2021-12-31","969.99","2021-12-31","969.99"
"136","G Skill Intl F4-2800C16-4GRK 4GB",2806,"DDR4","2014-09-30","329.99","2018-11-03","160.44"
"137","Corsair CMD16GX4M2B3866C18 8GB",3726,"DDR4","2019-01-04","563.15","2019-06-05","259.99"
"138","Crucial Technology CT8G4DFS832A.C8FE 8GB",3459,"DDR4","2021-08-18","46.75","2024-03-09","28.54"
"139","Corsair CMD64GX4M4B3466C16 16GB",3584,"DDR4","2016-05-04","427.99","2017-05-11","849.99"
"140","Corsair CMG32GX4M4E3200C16 8GB",3311,"DDR4","2022-05-16","267.98","2023-04-05","198.95"
"141","Corsair CMK16GX4M2K4400C19 8GB",4042,"DDR4","2019-02-14","359.99","2019-06-04","693.64"
"142","GIGA - BYTE Technology Co Ltd GP-ARS16G37 8GB",3243,"DDR4","2021-09-14","169","2023-07-18","89"
"143","Corsair CMK16GX4M4C3200C16 4GB",3064,"DDR4","2015-12-28","129.99","2019-01-23","440.99"
"144","Thermaltake Technology Co Ltd R022D408GX2-4000C19A 8GB",3207,"DDR4","2021-11-17","209","2023-05-26","129"
"145","Corsair CMK16GX4M2Z3466C16 8GB",3227,"DDR4","2019-01-04","199.99","2019-06-02","142.99"
"146","Corsair CMH32GX4M2Z3600C18 16GB",3294,"DDR4","2021-09-22","329","2023-12-21","140.95"
"147","Corsair CMG16GX4M2D3600C18 8GB",3222,"DDR4","2021-09-06","159","2023-10-13","85.95"
"148","Thermaltake Technology Co Ltd R017D408GX2-4000C19A 8GB",3782,"DDR4","2020-09-30","139","2020-09-30","139"
"149","Corsair CMK16GX4M4B3733C17 4GB",3355,"DDR4","2020-09-30","209.99","2020-09-30","209.99"
"150","Corsair CMK16GX4M2Z3600C18 8GB",3236,"DDR4","2019-03-18","434.97","2023-10-06","72"
"151","Corsair CMT32GX4M2E3200C16 16GB",3349,"DDR4","2021-06-30","249","2021-06-30","249"
"152","Thermaltake Technology Co Ltd R009D408GX2-3600C18B 8GB",3267,"DDR4","2021-11-10","179","2024-03-06","75"
"153","Corsair CMW32GX4M2Z3600C18 16GB",3337,"DDR4","2022-06-03","229","2024-02-15","129"
"154","Corsair CMT32GX4M2D3600C18 16GB",3416,"DDR4","2021-03-31","251.95","2021-03-31","251.95"
"155","Thermaltake Technology Co Ltd R019D408GX2-3600C18A 8GB",3249,"DDR4","2021-11-17","139","2024-01-24","69"
"156","Corsair CMD16GX4M2C3333C16 8GB",3111,"DDR4","2019-01-04","173.99","2019-06-11","169.99"
"157","Samsung M393A2K40BB2-CTD 16GB",2184,"DDR4","2019-01-04","194.5","2019-05-25","112.76"
"158","Corsair CMN64GX4M2Z3200C16 32GB",3295,"DDR4","2021-12-31","659","2021-12-31","659"
"159","Corsair CMK32GX4M4B3200C16 8GB",3303,"DDR4","2016-06-04","154.99","2019-05-10","197.99"
"160","Corsair CMW32GX4M4C3200C14 8GB",3724,"DDR4","2019-01-04","425.99","2019-05-02","419.82"
"161","Corsair CMD16GX4M4B2400C10 4GB",2737,"DDR4","2021-09-30","145.99","2021-09-30","145.99"
"162","Corsair CMW64GX4M4D3600C18 16GB",3390,"DDR4","2020-12-31","604.98","2020-12-31","604.98"
"163","Thermaltake Technology Co Ltd RA24D408GX2-4000C19A 8GB",3329,"DDR4","2021-03-31","139","2021-03-31","139"
"164","Crucial Technology BLS4G4D240FSA.8FAD 4GB",2440,"DDR4","2014-11-27","67.49","2016-12-05","31.09"
"165","Corsair CMW16GX4M2K4266C19 8GB",3834,"DDR4","2019-01-30","478.59","2019-03-02","689.99"
"166","Corsair CMH16GX4M2D3600C18 8GB",3228,"DDR4","2021-09-03","170.98","2024-01-16","87.95"
"167","Thermaltake Technology Co Ltd R009D408GX2-4400C19A 8GB",3151,"DDR4","2021-11-17","249","2023-04-15","189"
"168","Corsair CMSX8GX4M1A3200C22 8GB",2854,"DDR4","2022-10-10","59","2023-11-02","38.95"
"169","Corsair CMW128GX4M4E3200C16 32GB",3343,"DDR4","2022-05-17","1,149","2023-10-10","787.95"
"170","Crucial Technology BLS16G4D30AESC.M16FE 16GB",3367,"DDR4","2019-08-01","76.99","2021-05-22","96.04"
"171","Corsair CMD32GX4M4B3333C16 8GB",3536,"DDR4","2016-05-04","264.99","2019-01-04","829.99"
"172","Corsair CMU64GX4M4D3000C16 16GB",2893,"DDR4","2021-06-30","829.99","2021-06-30","829.99"
"173","Crucial Technology BLS16G4D26BFST.16FD 16GB",3025,"DDR4","2019-08-06","70.99","2022-06-30","94.99"
"174","Corsair CMT64GX4M4K3600C18 16GB",3295,"DDR4","2019-03-23","719.99","2022-08-06","636.98"
"175","G Skill Intl F4-2400C15-8GRK 8GB",2923,"DDR4","2014-09-22","489.99","2019-03-20","208.06"
"176","Corsair CMW32GX4M4C3600C18 8GB",3468,"DDR4","2019-01-11","419.99","2024-01-23","218.95"
"177","Corsair CMK64GX4M2D3600C18 32GB",3272,"DDR4","2022-09-21","499","2023-05-12","286.95"
"178","Crucial Technology CT16G4SFS832A.C8FE 16GB",3013,"DDR4","2021-05-14","114.88","2021-06-30","109.99"
"179","Corsair CMU64GX4M4C3000C15 16GB",3256,"DDR4","2016-08-09","364.99","2019-05-09","987.82"
"180","Corsair CMN32GX4M2Z3200C16 16GB",3344,"DDR4","2021-11-19","249","2023-10-18","152.95"
"181","Corsair CMR32GX4M4C3000C15 8GB",3340,"DDR4","2019-01-04","259.99","2019-05-24","349.52"
"182","Corsair CMH32GX4M2D3600C18 16GB",3352,"DDR4","2021-09-22","269","2024-01-18","135"
"183","Corsair CMD16GX4M2B3600C18 8GB",3755,"DDR4","2019-01-04","255.99","2019-06-08","291.47"
"184","Corsair CMD32GX4M4B3600C16 8GB",4069,"DDR4","2020-09-30","897.66","2020-09-30","897.66"
"185","Thermaltake Technology Co Ltd R009D416GX2-3600C18A 16GB",3356,"DDR4","2021-12-31","259","2021-12-31","259"
"186","Crucial Technology CT16G4DFS832A.C8FE 16GB",3489,"DDR4","2021-06-30","220.6","2021-06-30","220.6"
"187","Crucial Technology BLS16G4D32AESB.M16FE 16GB",3442,"DDR4","2019-08-01","77.99","2022-02-03","91.99"
"188","Corsair CMK128GX4M4A2400C16 32GB",3069,"DDR4","2021-09-30","888.98","2021-09-30","888.98"
"189","Crucial Technology BLS16G4D32AESE.M16FE 16GB",3326,"DDR4","2020-03-31","76.57","2020-03-31","76.57"
"190","Corsair CMW64GX4M4C3200C16 16GB",3340,"DDR4","2019-01-04","549.99","2019-05-24","399.99"
"191","Corsair CMK64GX4M8A2133C13 8GB",2634,"DDR4","2015-02-15","999.99","2019-05-09","299.99"
"192","Corsair CMT32GX4M4Z3200C16 8GB",3418,"DDR4","2020-06-30","398.98","2020-06-30","398.98"
"193","Corsair CMK16GX4M2C3333C16 8GB",4120,"DDR4","2019-02-12","139.99","2019-06-06","95.99"
"194","Corsair CMK32GX4M2D3600C18 16GB",3336,"DDR4","2021-09-22","269","2023-04-21","134.95"
"195","Crucial Technology CT32G4DFD8266.C16FE 32GB",3286,"DDR4","2021-06-30","79.99","2021-06-30","79.99"
"196","Corsair CMW16GX4M2Z3600C18 8GB",3193,"DDR4","2021-09-22","160.98","2022-04-01","148.98"
"197","Corsair CMG32GX4M2D3600C18 16GB",3346,"DDR4","2021-09-23","299","2023-11-16","125"
"198","Crucial Technology CT16G4DFRA32A.C8FE 16GB",3361,"DDR4","2020-08-29","67.99","2021-01-26","59.99"
"199","Corsair CMU64GX4M4C3200C16 16GB",3055,"DDR4","2016-08-05","374.99","2019-04-28","850.97"
"200","Corsair CMD16GX4M4B3200C14 4GB",2842,"DDR4","2022-09-30","199.99","2022-09-30","199.99"
"201","Corsair CMH16GX4M2Z3200C16 8GB",3111,"DDR4","2021-06-30","108.95","2021-06-30","108.95"
"202","Corsair CMD32GX4M4C3200C16 8GB",3473,"DDR4","2019-01-04","359.99","2019-05-16","289.99"
"203","Crucial Technology CT16G4SFS832A.C8FB 16GB",2948,"DDR4","2021-07-23","429.99","2023-09-21","39.99"
"204","Thermaltake Technology Co Ltd R022D408GX2-3200C16A 8GB",3142,"DDR4","2020-09-30","109","2020-09-30","109"
"205","Corsair CMD32GX4M4A2800C16 8GB",2985,"DDR4","2015-05-21","649.99","2017-01-21","319.99"
"206","Corsair CMK16GX4M4A2800C16 4GB",2827,"DDR4","2014-09-23","379.99","2017-06-28","119.99"
"207","Corsair CMK16GX4M2C3200C18 8GB",2908,"DDR4","2022-07-28","89","2023-11-17","69"
"208","Corsair CMW16GX4M2C3600C18 8GB",3284,"DDR4","2019-01-08","217.99","2021-10-30","159"
"209","Corsair CMK128GX4M8A2133C13 16GB",2711,"DDR4","2015-12-24","989.99","2017-04-20","999.99"
"210","Corsair CMW64GX4M4C3466C16 16GB",3620,"DDR4","2019-01-04","789.99","2019-05-23","599.99"
"211","Thermaltake Technology Co Ltd R022R432GX2-3600C18A 32GB",3828,"DDR4","2021-06-30","559","2021-06-30","559"
"212","Corsair CMK32GX4M4C3000C15 8GB",3150,"DDR4","2016-05-03","154.99","2019-05-08","199.99"
"213","A-DATA Technology AX4U320016G16A-DTWHD 16GB",3442,"DDR4","2023-12-31","143.95","2023-12-31","143.95"
"214","Corsair CMW32GX4M2D3600C18 16GB",3332,"DDR4","2021-09-14","279","2023-09-27","137"
"215","Mushkin 99[2/7/4]191[F/T] 4GB",2554,"DDR4","2016-02-13","26.99","2016-10-28","46.99"
"216","Crucial Technology BLS4G4D240FSA.M8FADM 4GB",2675,"DDR4","2021-03-31","68.99","2021-03-31","68.99"
"217","Crucial Technology BLS16G4D32AESC.M16FE 16GB",3360,"DDR4","2019-08-05","77.99","2022-06-10","89.99"
"218","Crucial Technology CT4G4DFS8213.C8FAD1 4GB",2520,"DDR4","2015-04-26","41.99","2016-01-02","26.99"
"219","Corsair CMK32GX4M2 16GB",3170,"DDR4","2024-03-31","119","2024-03-31","119"
"220","Corsair CMD16GX4M4B3000C15 4GB",3128,"DDR4","2014-10-02","589.99","2019-05-14","458.15"
"221","Corsair CMK16GX4M4A2666C16 4GB",2792,"DDR4","2014-10-19","299.99","2021-09-03","319"
"222","Corsair CMW16GX4M2D3600C18 8GB",3214,"DDR4","2020-03-31","139","2020-03-31","139"
"223","Corsair CMR32GX4M2C3333C16 16GB",3543,"DDR4","2019-01-04","359.99","2019-06-08","486.75"
"224","Corsair CMK32GX4M2C3333C16 16GB",3538,"DDR4","2019-01-04","264.99","2019-05-16","199.99"
"225","G Skill Intl F4-3000C15-4GRR 4GB",2968,"DDR4","2014-11-07","610.99","2018-09-13","197.99"
"226","GIGA - BYTE Technology Co Ltd GP-ARS16G33 8GB",3443,"DDR4","2021-09-14","159","2023-05-17","63.43"
"227","Corsair CMK64GX4M4B3200C16 16GB",3314,"DDR4","2016-01-07","549.99","2019-04-10","409.99"
"228","Corsair CMT32GX4M4C3200C16 8GB",3531,"DDR4","2019-03-24","329.99","2022-06-28","381.98"
"229","Corsair CMK16GX4M2D3600C18 8GB",3132,"DDR4","2021-09-22","135","2022-09-06","105"
"230","Crucial Technology CT32G4DFD832A.C16FB 32GB",3045,"DDR4","2021-09-30","161.08","2021-09-30","161.08"
"231","Corsair CMW32GX4M2Z3200C16 16GB",3364,"DDR4","2020-03-31","268.89","2020-03-31","268.89"
"232","Corsair CMH32GX4M2Z3200C16 16GB",3254,"DDR4","2022-01-12","237.98","2023-10-10","152.95"
"233","Corsair CMR32GX4M4C3600C18 8GB",3352,"DDR4","2020-09-30","649.99","2020-09-30","649.99"
"234","Corsair CMD32GX4M4C3200C16-R 8GB",3316,"DDR4","2020-12-31","369.99","2020-12-31","369.99"
"235","A-DATA Technology AX4U32008G16A-DTWHD3 8GB",2810,"DDR4","2023-12-31","76.95","2023-12-31","76.95"
"236","Corsair CMT16GX4M2Z3200C16 8GB",3121,"DDR4","2021-09-02","229","2023-05-26","131.95"
"237","Corsair CMW64GX4M4C3000C15 16GB",3090,"DDR4","2019-01-04","519.99","2019-06-09","349.99"
"238","Crucial Technology BLS8G4D32AESCK.M8FE 8GB",3005,"DDR4","2019-08-08","38.99","2023-02-19","216.27"
"239","Crucial Technology CT16G4SFRA32A.C16FJ 16GB",3059,"DDR4","2021-03-31","67.99","2024-01-27","42.99"
"240","Corsair CMK8GX4M2B3600C18 4GB",3430,"DDR4","2016-03-04","84.99","2019-01-05","318.56"
"241","Crucial Technology BLE8G4D34AEEAK.K8FB 8GB",3086,"DDR4","2020-06-30","135.77","2020-06-30","135.77"
"242","Crucial Technology CT16G4DFRA32A.C16FP 16GB",3302,"DDR4","2021-12-31","67.99","2021-12-31","67.99"
"243","Corsair CMK32GX4M4D3000C16 8GB",3218,"DDR4","2019-01-04","244.99","2019-05-31","154.99"
"244","Corsair CMK32GX4M4B3000C15 8GB",3355,"DDR4","2015-07-09","499.99","2016-05-08","199.99"
"245","Corsair CMD32GX4M4A2666C16 8GB",3180,"DDR4","2014-11-07","799.99","2019-03-15","671.25"
"246","Corsair CMK64GX4M4D3000C16 16GB",3173,"DDR4","2019-01-04","469.99","2019-06-07","409.99"
"247","Txrui 3200C22 8GB",3121,"DDR4","2022-03-31","53.99","2024-04-09","34.95"
"248","Crucial Technology BLS16G4D30AESE.M16FE 16GB",3428,"DDR4","2019-08-01","76.99","2020-03-14","74.99"
"249","Corsair CMR32GX4M2C3200C16 16GB",3500,"DDR4","2019-01-04","524.58","2019-04-01","298.28"
"250","Corsair CMT64GX4M4E3200C16 16GB",3461,"DDR4","2021-03-31","719.98","2021-03-31","719.98"
"251","Corsair CMR16GX4M2C3466C16 8GB",3495,"DDR4","2019-01-05","417.9","2019-03-14","373.1"
"252","Crucial Technology BLS8G4D32AESEK.M8FE 8GB",3125,"DDR4","2020-03-31","112.26","2020-03-31","112.26"
"253","Corsair CMD8GX4M2B3200C16 4GB",3610,"DDR4","2019-01-04","139.99","2019-05-14","99.99"
"254","Corsair CMN16GX4M2Z3200C16 8GB",2982,"DDR4","2022-01-21","129","2023-03-02","101.95"
"255","Thermaltake Technology Co Ltd R019D408GX2-3200C16A 8GB",3171,"DDR4","2020-06-30","119","2020-06-30","119"
"256","Corsair CMK64GX4M8A2666C16 8GB",2794,"DDR4","2015-06-25","799.99","2017-02-21","434.99"
"257","Corsair CMU32GX4M2D3200C16 16GB",3473,"DDR4","2019-03-15","689.99","2019-05-16","732.22"
"258","A-DATA Technology AX4U32008G16A-DTBKD3 8GB",3028,"DDR4","2023-12-31","76.95","2023-12-31","76.95"
"259","Corsair CMSX16GX4M2A3200C22 8GB",2809,"DDR4","2021-09-07","169","2023-07-18","65"
"260","Crucial Technology CT16G4SFRA32A.C8FE 16GB",2943,"DDR4","2020-08-09","67.99","2020-11-13","67.99"
"261","Corsair CMD16GX4M2E4000C19 8GB",3403,"DDR4","2019-01-04","289.99","2019-05-03","289.99"
"262","Crucial Technology CT8G4DFS632A.M4FB 8GB",3219,"DDR4","2021-06-24","218.88","2021-10-24","189.49"
"263","Corsair CMG64GX4M2D3600C18 32GB",3295,"DDR4","2021-12-17","729","2023-04-19","386.95"
"264","Corsair CMK16GX4M2Z3200C16 8GB",3056,"DDR4","2021-09-04","139","2024-02-13","71.95"
"265","Crucial Technology BLS8G4D30AESEK.M8FE 8GB",3121,"DDR4","2019-08-07","34.99","2023-11-28","65.52"
"266","Corsair CMR32GX4M4C3200C16 8GB",3222,"DDR4","2019-01-04","540.82","2019-02-17","269.99"
"267","Corsair CMT16GX4M2K3600C16 8GB",3169,"DDR4","2020-06-30","259.99","2020-06-30","259.99"
"268","Corsair CMU32GX4M4C3466C16 8GB",3389,"DDR4","2016-10-02","239.99","2017-04-27","295.99"
"269","Crucial Technology BLS8G4D32AESTK.M8FE 8GB",3076,"DDR4","2020-03-31","38.99","2020-03-31","38.99"
"270","Crucial Technology BL8G30C15U4W.8FE 8GB",3148,"DDR4","2022-03-31","25.5","2022-03-31","25.5"
"271","Crucial Technology CT16G4DFD832A.M16FJ 16GB",3207,"DDR4","2020-09-30","61.97","2020-09-30","61.97"
"272","A-DATA Technology AX4U320016G16A-DTBKD 16GB",3245,"DDR4","2023-12-31","143.95","2023-12-31","143.95"
"273","Crucial Technology CT8G4DFS832A.C8FJ 8GB",3072,"DDR4","2020-06-22","37.99","2021-06-19","56.88"
"274","Corsair CMK16GX4M4A2400C14 4GB",2844,"DDR4","2014-11-20","284.99","2019-01-04","252.02"
"275","Corsair CMK16GX4M4A2133C13 4GB",2762,"DDR4","2015-01-21","219.99","2019-03-29","103.99"
"276","Crucial Technology BLE8G4D30AEEA.K16FE 8GB",3238,"DDR4","2016-08-13","49.99","2016-12-19","59.99"
"277","Corsair CMK16GX4M2B3600C18 8GB",3243,"DDR4","2016-03-03","139.99","2019-06-06","273.83"
"278","Corsair CMD8GX4M2B3000C15 4GB",2913,"DDR4","2016-03-16","81.99","2019-05-18","292.51"
"279","Corsair CMK16GX4M2B3200C14 8GB",3414,"DDR4","2016-06-30","103.99","2017-03-15","174.99"
"280","Corsair CMG16GX4M2E3200C16 8GB",3107,"DDR4","2021-11-07","129","2024-03-19","69.95"
"281","Corsair CMW64GX4M2E3200C16 32GB",3188,"DDR4","2021-09-10","599","2023-09-05","253.95"
"282","Transcend Information JM3200HSE-32G 32GB",3093,"DDR4","2021-12-31","105.95","2021-12-31","105.95"
"283","Thermaltake Technology Co Ltd R009D408GX2-3200C16A 8GB",3098,"DDR4","2020-03-31","109","2020-03-31","109"
"284","Crucial Technology CT32G4SFD832A.C16FB 32GB",3225,"DDR4","2021-07-23","199.99","2022-01-23","197.63"
"285","Corsair CMW32GX4M4C3200C16 8GB",3343,"DDR4","2019-01-11","289.99","2023-11-14","189.95"
"286","Crucial Technology BLT8G4D30BET4K.C8FD 8GB",3056,"DDR4","2020-08-21","40.49","2021-11-12","37.7"
"287","Corsair CMK64GX4M4E3200C16 16GB",3274,"DDR4","2020-12-31","623.98","2020-12-31","623.98"
"288","Corsair CMT32GX4M4C3200C14 8GB",3635,"DDR4","2020-09-30","519.99","2020-09-30","519.99"
"289","Crucial Technology BLS8G4D32AESBK.M8FE 8GB",3018,"DDR4","2020-03-31","39.99","2020-03-31","39.99"
"290","Crucial Technology BLS8G4D30AESCK.M8FE 8GB",2923,"DDR4","2019-08-02","37.99","2024-01-09","138.27"
"291","Corsair CMK16GX4M4C3000C16 4GB",2882,"DDR4","2019-01-04","132.99","2019-05-24","99.99"
"292","Corsair CMH16GX4M2E3200C16 8GB",3161,"DDR4","2021-09-17","147.98","2023-07-18","85.95"
"293","Corsair CMT32GX4M2C3200C16 16GB",3404,"DDR4","2019-03-14","289.99","2023-01-28","275.95"
"294","Corsair CMSX64GX4M2A3200C22 32GB",2809,"DDR4","2022-09-30","259","2022-09-30","259"
"295","Crucial Technology BLS8G4D30AESBK.M8FE 8GB",3017,"DDR4","2019-08-01","37.99","2024-04-06","190.41"
"296","Corsair CMT16GX4M2C3200C16 8GB",3271,"DDR4","2019-03-29","159.99","2023-07-21","131.95"
"297","Corsair CMSX16GX4M1A3200C22 16GB",2882,"DDR4","2022-03-31","65","2022-03-31","65"
"298","Corsair CMK16GX4M2Z3600C20 8GB",3083,"DDR4","2020-06-30","155","2020-06-30","155"
"299","Corsair CMW64GX4M4K3600C18 16GB",3495,"DDR4","2020-09-30","649.99","2020-09-30","649.99"
"300","G Skill Intl F4-2666C15-4GRR 4GB",2844,"DDR4","2014-09-25","294.99","2019-05-31","103.26"
"301","Corsair CMT32GX4M2C3466C16 16GB",3424,"DDR4","2020-06-30","299.99","2020-06-30","299.99"
"302","Crucial Technology CT8G4SFS832A.C8FJ 8GB",2606,"DDR4","2021-12-31","108.99","2021-12-31","108.99"
"303","Corsair CMK32GX4M2C3200C18 16GB",3234,"DDR4","2022-02-19","179","2023-09-22","125.95"
"304","Crucial Technology BLS8G4D30CESTK.8FD 8GB",2801,"DDR4","2020-06-30","38.99","2020-06-30","38.99"
"305","Corsair CMK32GX4M2K4133C19 16GB",3741,"DDR4","2022-09-30","849.99","2022-09-30","849.99"
"306","Corsair CMR32GX4M4D3000C16 8GB",3073,"DDR4","2023-06-30","470.88","2023-06-30","470.88"
"307","Corsair CMK64GX4M2E3200C16 32GB",3227,"DDR4","2021-09-22","499","2024-03-20","219"
"308","G Skill Intl F4-3600C18D-32GVK 16GB",3288,"DDR4","2022-09-07","199","2024-03-06","125"
"309","Crucial Technology BLS16G4D26BFSE.16FBD 16GB",3062,"DDR4","2020-12-31","248.72","2020-12-31","248.72"
"310","Corsair CMK32GX4M4A2400C14 8GB",2945,"DDR4","2014-11-20","569.99","2019-01-04","429.99"
"311","Corsair CMG64GX4M2E3200C16 32GB",3340,"DDR4","2023-03-31","323.95","2023-03-31","323.95"
"312","Crucial Technology BLS8G4D240FSA.M16FAD 8GB",2895,"DDR4","2020-06-30","134.99","2020-06-30","134.99"
"313","Crucial Technology CT8G4SFS632A.M4FE 8GB",2722,"DDR4","2021-06-19","54.88","2021-11-04","51.84"
"314","Corsair CMW32GX4M4C3000C15 8GB",3274,"DDR4","2019-01-08","284.99","2021-12-27","318.98"
"315","Corsair CMK16GX4M4B3000C15 4GB",3076,"DDR4","2015-02-25","274.99","2019-01-05","359.99"
"316","Corsair CMW64GX4M8C3000C15 8GB",3128,"DDR4","2023-12-31","575.39","2023-12-31","575.39"
"317","Corsair CMSX32GX4M2A3200C22 16GB",2919,"DDR4","2021-11-16","249","2023-07-28","115"
"318","Corsair CMD32GX4M4B3000C15 8GB",3155,"DDR4","2015-05-09","819.99","2016-03-16","289.99"
"319","Corsair CMD32GX4M2C3200C16 16GB",3337,"DDR4","2016-04-16","259.99","2019-06-05","299.99"
"320","Crucial Technology CT8G4DFRA266.C16FG 8GB",2895,"DDR4","2020-12-02","27.99","2023-09-07","25.49"
"321","Corsair CMR16GX4M2C3600C18 8GB",3353,"DDR4","2019-01-04","326.98","2019-03-09","359.99"
"322","A-DATA Technology AX4U32008G16A-DT60 8GB",2945,"DDR4","2023-09-30","79","2023-09-30","79"
"323","Crucial Technology BLE4G4D26AFEA.8FAD 4GB",2919,"DDR4","2015-05-01","62.99","2018-12-22","94.71"
"324","Corsair CMW16GX4M2Z3200C16 8GB",3044,"DDR4","2021-09-14","155","2022-03-05","129"
"325","Crucial Technology BL8G30C15U4R.8FE 8GB",3148,"DDR4","2022-09-30","23.61","2022-09-30","23.61"
"326","Corsair CMK32GX4M4A2800C16 8GB",3103,"DDR4","2015-01-27","829.99","2016-12-04","239.99"
"327","Corsair CMK32GX4M4A2666C16 8GB",2924,"DDR4","2015-01-03","489.99","2023-01-20","369"
"328","G Skill Intl F4-2400C15-4GRK 4GB",2644,"DDR4","2020-06-30","120.43","2020-06-30","120.43"
"329","Corsair CMH32GX4M2E3200C16 16GB",3259,"DDR4","2021-09-22","299","2024-01-13","133.95"
"330","Corsair CMD32GX4M2B3000C15 16GB",3280,"DDR4","2016-01-06","269.99","2019-02-27","314.52"
"331","Crucial Technology CT16G4SFRA32A.C8FB 16GB",2979,"DDR4","2020-11-25","57.99","2021-01-29","67.99"
"332","Corsair CMK16GX4M2K4266C19 8GB",3619,"DDR4","2022-09-30","269.99","2022-09-30","269.99"
"333","Crucial Technology CT16G4SFD832A.M16FJ 16GB",3236,"DDR4","2020-07-02","73.99","2020-09-19","67.84"
"334","Thermaltake Technology Co Ltd R021D408GX2-3200C16D 8GB",2794,"DDR4","2020-06-30","135.98","2020-06-30","135.98"
"335","Corsair CMR32GX4M2C3000C15 16GB",3472,"DDR4","2019-01-04","248.99","2019-05-24","383.69"
"336","Corsair CMK32GX4M2D3200C16 16GB",3214,"DDR4","2019-01-04","264.99","2019-03-14","413.25"
"337","Crucial Technology CT8G4SFRA32A.C16FG 8GB",2797,"DDR4","2021-06-30","29.99","2021-06-30","29.99"
"338","Corsair CMK16GX4M2E3200C16 8GB",3018,"DDR4","2021-09-22","129","2024-01-26","61.95"
"339","Corsair CMK16GX4M4A2666C15 4GB",2696,"DDR4","2014-09-23","318.86","2017-06-04","182.26"
"340","Corsair CMG32GX4M2E3200C16 16GB",3233,"DDR4","2021-10-26","235","2024-01-26","124.95"
"341","Corsair CMW64GX4M4E3200C16 16GB",3226,"DDR4","2022-05-24","684.98","2022-12-16","671.95"
"342","Crucial Technology CT4G4DFS8266.C8FB 4GB",2332,"DDR4","2020-09-30","14.99","2020-09-30","14.99"
"343","Corsair CMK16GX4M2Z2933C16 8GB",2869,"DDR4","2019-01-04","127.99","2019-06-05","199.95"
"344","Corsair CMK16GX4M2E4000C19 8GB",3007,"DDR4","2019-01-04","557.18","2019-03-06","482.87"
"345","Corsair CMD32GX4M4A2400C14 8GB",3103,"DDR4","2014-11-12","789.99","2019-01-04","917.99"
"346","Corsair CMW16GX4M2C3200C16 8GB",3116,"DDR4","2019-01-08","157.99","2022-03-05","129"
"347","Crucial Technology BLS8G4D30BESBK.8FB 8GB",2867,"DDR4","2020-06-30","163.57","2020-06-30","163.57"
"348","Corsair CMD32GX4M2B2800C14 16GB",3242,"DDR4","2016-06-08","249.99","2017-02-17","255.99"
"349","Corsair CMU16GX4M2D3000C16 8GB",3053,"DDR4","2019-01-04","129.99","2019-06-01","311.83"
"350","Corsair CMW32GX4M2C3200C16 16GB",3318,"DDR4","2019-01-04","269.99","2019-06-02","411.82"
"351","Corsair CMW32GX4M2E3200C16 16GB",3195,"DDR4","2021-09-14","269","2024-01-17","136.95"
"352","Corsair CMK32GX4M2B3200C16 16GB",3292,"DDR4","2015-12-25","259.99","2019-01-30","239.99"
"353","Corsair CMT32GX4M4C3000C15 8GB",3141,"DDR4","2019-05-15","279.99","2023-07-21","311.95"
"354","Corsair CMK8GX4M2B3000C15 4GB",2751,"DDR4","2015-12-11","64.99","2019-05-17","210.86"
"355","Corsair CMU32GX4M4C3200C16 8GB",3393,"DDR4","2016-11-28","229.99","2019-02-11","700.98"
"356","Corsair CMD16GX4M2B3200C16 8GB",3141,"DDR4","2016-01-16","149.99","2019-03-16","159.99"
"357","Corsair CMR16GX4M2Z3200C16 8GB",2849,"DDR4","2019-01-04","138.99","2019-02-26","278.28"
"358","Corsair CMK16GX4M2B3200C16 8GB",3044,"DDR4","2015-12-13","124.99","2021-09-22","129"
"359","G Skill Intl F4-2666C15-8GRR 8GB",2916,"DDR4","2020-06-30","360.99","2020-06-30","360.99"
"360","Corsair CMW32GX4M2C3200C18 16GB",3362,"DDR4","2022-04-26","229","2024-02-13","150.95"
"361","Corsair CMR16GX4M2D3200C16 8GB",3125,"DDR4","2019-01-04","193.55","2019-05-16","194.38"
"362","Corsair CMK16GX4M2D3200C16 8GB",3018,"DDR4","2019-01-04","178.76","2019-03-20","141.08"
"363","Corsair CMK16GX4M4B3200C16 4GB",2765,"DDR4","2015-12-25","162.99","2016-09-01","119.99"
"364","Crucial Technology BLS4G4D26BFSB.8FBD2 4GB",2626,"DDR4","2017-11-26","102.24","2018-11-07","201.98"
"365","Corsair CMR16GX4M2C3200C16 8GB",3069,"DDR4","2019-01-04","141.99","2019-03-30","282.97"
"366","G Skill Intl F4-3000C15-8GRK 8GB",3032,"DDR4","2014-11-07","949.99","2019-05-07","179.99"
"367","Corsair CMK4GX4M1D2400C14 4GB",1290,"DDR4","2019-01-04","38.63","2019-04-21","66.99"
"368","Corsair CMD16GX4M4B3400C16 4GB",3329,"DDR4","2023-03-31","249.99","2023-03-31","249.99"
"369","Corsair CMT16GX4M2C3000C15 8GB",3236,"DDR4","2020-03-31","193.98","2020-03-31","193.98"
"370","Crucial Technology BLS8G4D26BFSE.16FB 8GB",2725,"DDR4","2019-01-27","119.3","2023-09-15","28.68"
"371","Corsair CMK32GX4M4A2400C16 8GB",2923,"DDR4","2015-12-25","159.99","2017-03-24","229.99"
"372","Samsung M378A2K43CB1-CTD 16GB",3249,"DDR4","2020-06-30","68.45","2020-06-30","68.45"
"373","Samsung M391A2K43BB1-CPB 16GB",3002,"DDR4","2022-06-30","119.99","2022-06-30","119.99"
"374","Corsair CMD16GX4M4A2666C16 4GB",2848,"DDR4","2014-11-05","419.99","2019-01-05","364.16"
"375","Crucial Technology BLS16G4D26BFSC.16FBD 16GB",2906,"DDR4","2022-06-30","49.99","2022-06-30","49.99"
"376","Samsung M378A2K43DB1-CTD 16GB",3257,"DDR4","2019-05-10","97.86","2020-02-20","94.95"
"377","Corsair CMK64GX4M4A2133C13 16GB",3005,"DDR4","2016-08-11","299.99","2019-02-01","389.99"
"378","Corsair CMK32GX4M2L3200C16 16GB",3463,"DDR4","2019-01-04","239.99","2019-06-04","456.81"
"379","Corsair CMW16GX4M2E3200C16 8GB",3009,"DDR4","2020-03-31","125","2020-03-31","125"
"380","Corsair CMK16GX4M2B3333C16 8GB",2872,"DDR4","2016-12-04","129.99","2019-01-06","510.03"
"381","Corsair CMK32GX4M4A2400C12 8GB",2676,"DDR4","2020-09-30","189.99","2020-09-30","189.99"
"382","Corsair CMU32GX4M4C3000C15 8GB",3303,"DDR4","2016-08-26","189.99","2019-05-24","457.57"
"383","A-DATA Technology DDR4 3000 8GB",2927,"DDR4","2020-03-31","389.99","2020-03-31","389.99"
"384","Corsair CMK8GX4M2C3000C16 4GB",2546,"DDR4","2019-01-12","81.1","2019-06-08","68"
"385","G Skill Intl F4-2400C15-4GNT 4GB",2469,"DDR4","2014-10-10","259.99","2019-05-15","82.99"
"386","Crucial Technology CT8G4SFRA32A.C4FE 8GB",2634,"DDR4","2020-08-21","33.99","2021-01-11","30.99"
"387","Corsair CMW32GX4M2C3000C15 16GB",3279,"DDR4","2019-01-08","256.99","2023-03-30","261.95"
"388","Corsair CMW16GX4M2A2666C16 8GB",3115,"DDR4","2019-01-08","130.99","2022-02-19","118.98"
"389","Corsair CMR16GX4M2C3000C16 8GB",3121,"DDR4","2019-01-04","223.99","2019-04-01","358.32"
"390","Corsair CMK32GX4M4A2133C15 8GB",2782,"DDR4","2015-05-14","349.99","2017-02-26","217.99"
"391","Corsair CMU16GX4M2C3200C16 8GB",3194,"DDR4","2016-07-26","94.99","2019-01-26","137.99"
"392","Corsair CMK32GX4M4B3200C14 8GB",3085,"DDR4","2020-12-31","284.99","2020-12-31","284.99"
"393","Crucial Technology BLT8G4D30AETA.K16FD 8GB",3594,"DDR4","2020-09-29","73.61","2020-12-16","82.39"
"394","Corsair CMT16GX4M2E3200C16 8GB",3179,"DDR4","2022-06-30","139","2023-02-03","145.95"
"395","Corsair CMSX16GX4M2A3000C16 8GB",2867,"DDR4","2016-12-21","99.99","2019-05-03","139.99"
"396","Corsair CMK8GX4M1D3000C16 8GB",2816,"DDR4","2019-01-26","56.99","2023-03-01","29"
"397","Mushkin MR[A/B]4U300JJJM16G 16GB",3351,"DDR4","2023-03-31","214.99","2023-03-31","214.99"
"398","Corsair CMW32GX4M2Z2933C16 16GB",3376,"DDR4","2020-09-30","169.99","2020-09-30","169.99"
"399","Thermaltake Technology Co Ltd R002D408GX2-2666C19D 8GB",2636,"DDR4","2020-06-30","77.95","2020-06-30","77.95"
"400","Corsair CMK16GX4M1B3000C15 16GB",3297,"DDR4","2016-02-04","119.99","2019-02-03","123.99"
"401","Corsair CMV8GX4M1A2666C18 8GB",2987,"DDR4","2019-01-22","60.24","2023-01-20","45.95"
"402","Corsair CMD64GX4M4B3000C15 16GB",3504,"DDR4","2022-09-30","459.99","2022-09-30","459.99"
"403","Crucial Technology BLS8G4D26BFSC.16FB 8GB",3068,"DDR4","2020-09-30","44.99","2020-09-30","44.99"
"404","Corsair CMK4GX4M1A2400C14 4GB",2730,"DDR4","2015-12-29","29.99","2019-05-18","29"
"405","Corsair CMW16GX4M2C3466C16 8GB",3240,"DDR4","2019-01-17","234.55","2022-02-18","219.98"
"406","Corsair CMK16GX4M1D3000C16 16GB",3168,"DDR4","2019-01-16","114.99","2022-12-16","92.95"
"407","Corsair CMW16GX4M2C3000C15 8GB",3096,"DDR4","2019-01-10","141.99","2021-12-10","119"
"408","Crucial Technology CT8G4DFRA266.C8FN 8GB",2986,"DDR4","2020-09-30","28.99","2020-09-30","28.99"
"409","GIGA - BYTE Technology Co Ltd GP-GR26C16S8K1HU408 8GB",2990,"DDR4","2020-09-30","51.95","2020-09-30","51.95"
"410","Crucial Technology BLS8G4D240FSA.16FAD 8GB",2842,"DDR4","2020-09-30","134.99","2020-09-30","134.99"
"411","Corsair CMK16GX4M2B3733C17 8GB",2954,"DDR4","2016-06-08","129.99","2017-05-13","199.99"
"412","Corsair CMK32GX4M2B3000C15 16GB",3259,"DDR4","2015-12-19","249.99","2019-05-08","217.64"
"413","Crucial Technology CT8G4SFS632A.C4FE 8GB",2463,"DDR4","2021-11-12","42.1","2022-06-27","50.37"
"414","Corsair CMD16GX4M2B3000C15 8GB",3136,"DDR4","2015-12-24","154.99","2022-08-02","100.98"
"415","Corsair CMK16GX4M2Z2666C16 8GB",2647,"DDR4","2019-01-12","268.75","2023-07-18","68.95"
"416","Crucial Technology CT8G4DFRA32A.C4FE 8GB",2869,"DDR4","2020-12-04","33.99","2022-01-05","43.99"
"417","Crucial Technology BLT8G4D30AETA.K16FE 8GB",3013,"DDR4","2020-03-31","59.99","2020-03-31","59.99"
"418","Crucial Technology BLS16G4D30BESB.16FD 16GB",3145,"DDR4","2019-08-06","69.99","2022-06-25","101.37"
"419","Crucial Technology BLS8G4D26BFSTK.8FD 8GB",2851,"DDR4","2020-03-31","32.99","2020-03-31","32.99"
"420","Corsair CMK32GX4M4B2800C14 8GB",2818,"DDR4","2023-12-31","224.99","2023-12-31","224.99"
"421","Crucial Technology BLS16G4D30CEST.16FD 16GB",3204,"DDR4","2020-12-31","69.99","2020-12-31","69.99"
"422","Corsair CMK64GX4M4A2666C16 16GB",3158,"DDR4","2016-03-08","429.99","2019-05-02","428.99"
"423","Crucial Technology CT4G4DFS8266.C8FE 4GB",2435,"DDR4","2019-01-06","33.25","2019-05-31","22.98"
"424","Crucial Technology BLE8G4D26AFEA.16FAD 8GB",2870,"DDR4","2015-09-24","64.99","2018-12-22","132"
"425","Corsair CMW64GX4M4Z2933C16 16GB",3592,"DDR4","2021-03-31","379.99","2021-03-31","379.99"
"426","Corsair CMK16GX4M2L3000C15 8GB",3195,"DDR4","2020-03-31","199.99","2020-03-31","199.99"
"427","Corsair CMU32GX4M2C3200C16 16GB",3237,"DDR4","2016-08-13","199.99","2019-01-04","259.99"
"428","Corsair CMK16GX4M2D3000C16 8GB",2862,"DDR4","2019-01-16","114.99","2023-11-15","70.95"
"429","Corsair CMK8GX4M2B3200C16 4GB",2675,"DDR4","2015-12-19","69.99","2019-01-04","278.55"
"430","Crucial Technology CT8G4DFS632A.C4FE 8GB",2740,"DDR4","2022-04-12","108.9","2022-08-27","189.49"
"431","Samsung M378A1K43CB2-CTD 8GB",2944,"DDR4","2019-01-07","67.95","2020-01-07","35.99"
"432","Corsair CMW16GX4M2Z2933C16 8GB",3243,"DDR4","2019-01-04","139.99","2019-05-17","99.99"
"433","Crucial Technology BLS4G4D26BFSC.8FB 4GB",2380,"DDR4","2020-03-31","14.99","2020-03-31","14.99"
"434","Patriot Memory (PDP Systems) PSD44G240081 4GB",2343,"DDR4","2017-01-23","27.49","2019-03-14","73.43"
"435","Corsair CMK32GX4M2D3000C16 16GB",3183,"DDR4","2019-01-12","307.36","2023-08-26","206.95"
"436","Patriot Memory (PDP Systems) PSD48G266681 8GB",2781,"DDR4","2019-04-05","45.99","2019-05-26","45.99"
"437","Corsair CMK16GX4M2B3000C15 8GB",2984,"DDR4","2015-12-19","99.99","2021-09-22","119"
"438","Crucial Technology CT16G4DFRA266.C16FE 16GB",3060,"DDR4","2023-03-31","39.64","2023-03-31","39.64"
"439","Crucial Technology CT16G4DFD8266.C16FD1 16GB",3107,"DDR4","2019-01-04","117.5","2022-10-17","435.34"
"440","Corsair CMK32GX4M4A2666C15 8GB",3102,"DDR4","2014-12-12","589.99","2016-06-03","131.99"
"441","Corsair CMU16GX4M2C3000C15 8GB",3043,"DDR4","2016-07-21","91.99","2019-03-20","159.64"
"442","Crucial Technology BLT4G4D30AETA.K8FE 4GB",2864,"DDR4","2020-03-31","34.99","2020-03-31","34.99"
"443","Crucial Technology CT16G4DFS8266.C8FB 16GB",3223,"DDR4","2022-06-30","77.43","2022-06-30","77.43"
"444","G Skill Intl F4-2400C15-4GRR 4GB",2613,"DDR4","2020-06-30","132.99","2020-06-30","132.99"
"445","Crucial Technology CT8G4DFD8213.C16FAD1 8GB",2586,"DDR4","2015-04-03","82.99","2015-10-30","44.99"
"446","Corsair CMR32GX4M2D3000C16 16GB",3577,"DDR4","2020-06-30","235.99","2020-06-30","235.99"
"447","Patriot Memory (PDP Systems) PSD44G213381 4GB",2393,"DDR4","2016-07-25","27","2018-01-12","49.99"
"448","Corsair CMK16GX4M2A2800C16 8GB",3131,"DDR4","2016-03-16","84.99","2017-01-23","117.99"
"449","Corsair CMK32GX4M2A2800C16 16GB",2993,"DDR4","2016-02-08","239.99","2017-03-04","274.91"
"450","Crucial Technology CT16G4SFD8266.16FE1 16GB",2756,"DDR4","2021-05-13","99.96","2022-11-23","62.5"
"451","Corsair CMD32GX4M4B2400C10 8GB",3349,"DDR4","2016-03-23","249.99","2019-01-30","639.99"
"452","Corsair CMR16GX4M2D3000C16 8GB",2817,"DDR4","2019-01-04","133.99","2019-05-01","146.59"
"453","Corsair CMW16GX4M2D3000C16 8GB",2940,"DDR4","2019-01-10","157.05","2022-03-05","119"
"454","Corsair CMK8GX4M2B4000C19 4GB",3098,"DDR4","2021-06-30","140.34","2021-06-30","140.34"
"455","Corsair CMR16GX4M2C3000C15 8GB",3109,"DDR4","2019-01-04","156.75","2019-04-07","136.65"
"456","Corsair CMT32GX4M2C3000C15 16GB",3340,"DDR4","2019-04-01","269.99","2019-06-04","254.99"
"457","Corsair CMU32GX4M2C3000C15 16GB",3234,"DDR4","2016-08-16","184.99","2019-02-23","239.99"
"458","G Skill Intl F4-2400C15-8GRR 8GB",2873,"DDR4","2014-11-13","519.99","2018-12-31","296.76"
"459","Corsair CMK64GX4M4A2400C14 16GB",3003,"DDR4","2016-02-06","449.99","2017-01-17","399.99"
"460","Crucial Technology CT16G4DFRA266.C8FB 16GB",3075,"DDR4","2020-09-12","56.99","2021-02-06","56.99"
"461","Crucial Technology CT8G4DFS8266.C8FD1 8GB",2823,"DDR4","2019-01-12","61.99","2022-03-10","30.63"
"462","Crucial Technology CT8G4DFS8266.C8FB 8GB",3019,"DDR4","2022-04-08","107.12","2022-07-23","51.29"
"463","Corsair CMK32GX4M4B3333C16 8GB",3300,"DDR4","2016-10-29","229.99","2017-04-21","450.79"
"464","Crucial Technology BLS4G4D240FSC.8FARG 4GB",2658,"DDR4","2022-03-31","26.99","2022-03-31","26.99"
"465","Samsung M378A2K43BB1-CRC 16GB",2840,"DDR4","2019-01-04","159.99","2019-04-04","121.58"
"466","Corsair CMK16GX4M2B3466C16 8GB",3148,"DDR4","2016-02-06","159.99","2019-02-17","211.99"
"467","Corsair CMW32GX4M4A2666C16 8GB",3276,"DDR4","2019-01-11","249.99","2022-02-18","297.98"
"468","Samsung M378A1K43DB2-CTD 8GB",3074,"DDR4","2019-10-05","44.95","2020-02-20","57.95"
"469","Corsair CMR16GX4M2A2666C16 8GB",2888,"DDR4","2017-05-12","149.99","2019-05-23","181.08"
"470","Corsair CMSX32GX4M2A3000C16 16GB",3179,"DDR4","2016-08-16","179.99","2019-05-01","279.99"
"471","Silicon Power Computer & Communications SP008GBLFU266B02 8GB",2685,"DDR4","2020-06-30","34","2020-06-30","34"
"472","Corsair CMK16GX4M1A2400C14 16GB",2825,"DDR4","2016-07-21","77.99","2019-05-01","81.99"
"473","Corsair CMK4GX4M1A2400C16 4GB",2185,"DDR4","2016-05-04","23.99","2019-01-05","30.8"
"474","Crucial Technology CT8G4DFD8213.C16FAR1 8GB",2748,"DDR4","2015-01-15","99.69","2015-03-06","82.99"
"475","Crucial Technology CT16G4SFRA266.C16FJ 16GB",3469,"DDR4","2021-04-17","63.99","2023-04-19","44.99"
"476","Corsair CMK16GX4M4A2400C16 4GB",2632,"DDR4","2015-12-10","103.99","2019-05-26","211.5"
"477","Patriot Memory (PDP Systems) PSD416G26662 16GB",3085,"DDR4","2020-06-30","59.99","2020-06-30","59.99"
"478","Crucial Technology CT32G4SFD8266.C16FB 32GB",3175,"DDR4","2021-03-31","153.39","2021-03-31","153.39"
"479","Corsair CMK16GX4M2Z2400C16 8GB",2747,"DDR4","2020-06-30","95.98","2020-06-30","95.98"
"480","Crucial Technology BLS8G4D26BFSB.16FBD2 8GB",3040,"DDR4","2019-01-16","64.56","2020-12-24","130.98"
"481","Corsair CMK16GX4M2C3000C16 8GB",2981,"DDR4","2019-01-04","287.62","2019-03-06","322.94"
"482","Crucial Technology BLS4G4D240FSE.8FBD 4GB",2554,"DDR4","2020-03-31","18.99","2020-03-31","18.99"
"483","Corsair CMK8GX4M2A2400C16 4GB",2475,"DDR4","2016-02-02","52.99","2023-01-21","61.95"
"484","Corsair CMU32GX4M4A2666C16 8GB",3133,"DDR4","2016-10-29","183.99","2019-01-10","232.99"
"485","Corsair CMK32GX4M4E4133C19 8GB",2852,"DDR4","2020-06-30","499.99","2020-06-30","499.99"
"486","Crucial Technology BLT16G4D30AETA.K16FB 16GB",3231,"DDR4","2020-08-19","166.33","2020-11-29","277.72"
"487","Corsair CMK8GX4M2A2666C16 4GB",2522,"DDR4","2015-12-25","58.99","2021-11-06","69"
"488","Corsair CMK32GX4M4A2133C13 8GB",2906,"DDR4","2015-01-07","464.99","2019-01-22","194.99"
"489","Corsair CMD64GX4M4A2400C14 16GB",2683,"DDR4","2016-02-18","499.99","2017-02-21","489.99"
"490","Thermaltake Technology Co Ltd RA24D408GX2-3200C16A 8GB",3063,"DDR4","2021-09-30","109","2021-09-30","109"
"491","Corsair CMD64GX4M8B2800C14 8GB",2834,"DDR4","2016-04-27","539.99","2017-03-07","539.99"
"492","Crucial Technology BLS4G4D26BFSB.8FBR2 4GB",2755,"DDR4","2022-12-31","115.37","2022-12-31","115.37"
"493","Crucial Technology CT8G4DFS6266.C4FE 8GB",2954,"DDR4","2021-06-06","55.99","2022-02-11","54.04"
"494","Crucial Technology BLS16G4D240FSC.16FAD 16GB",2969,"DDR4","2022-03-31","39.99","2022-03-31","39.99"
"495","Samsung M471A2K43CB1-CTD 16GB",3089,"DDR4","2021-06-30","30.99","2021-06-30","30.99"
"496","Corsair CMU32GX4M2A2666C16 16GB",3259,"DDR4","2016-09-23","185.99","2023-11-11","113.95"
"497","Corsair CMSX8GX4M2A2400C16 4GB",2158,"DDR4","2016-01-30","55.99","2019-05-07","46.99"
"498","Corsair CMK16GX4M1A2666C16 16GB",3045,"DDR4","2016-08-23","77.99","2019-05-15","81.99"
"499","Corsair CMD16GX4M2A2666C15 8GB",3002,"DDR4","2015-12-26","144.99","2019-01-04","139.99"
"500","Samsung M471A1K43CB1-CTD 8GB",2887,"DDR4","2019-01-05","84.14","2019-08-06","35"
"501","Corsair CMK64GX4M2A2666C16 32GB",3223,"DDR4","2021-09-10","536.98","2022-12-16","360.95"
"502","Crucial Technology CT8G4DFD824A.C16FBD1 8GB",2995,"DDR4","2016-09-15","38.99","2017-05-19","61.02"
"503","Crucial Technology CT16G4SFD8266.C16FD1 16GB",2884,"DDR4","2020-08-29","64.99","2020-09-23","66.34"
"504","Crucial Technology BLT8G4D26AFTA.16FAD 8GB",2870,"DDR4","2016-01-10","49.99","2016-07-02","39.99"
"505","Crucial Technology BLT4G4D26AFTA.8FADG 4GB",2393,"DDR4","2016-01-04","29.99","2016-12-21","33.99"
"506","Corsair CMSX16GX4M1A2666C18 16GB",3056,"DDR4","2019-02-10","104.99","2019-06-01","81"
"507","Corsair CMW32GX4M2A2666C16 16GB",3298,"DDR4","2019-01-12","235.99","2024-03-12","183.95"
"508","Samsung M471A1K43DB1-CTD 8GB",2797,"DDR4","2019-03-14","48.99","2019-06-09","48.99"
"509","Corsair CMK32GX4M2A2666C16 16GB",3057,"DDR4","2015-10-17","259.99","2022-05-05","189"
"510","Corsair CMK8GX4M1A2666C16 8GB",2891,"DDR4","2016-02-21","46.99","2022-08-25","49"
"511","Crucial Technology CT16G4SFS8266.C8FE 16GB",2981,"DDR4","2021-03-31","55.99","2021-03-31","55.99"
"512","Corsair CMSX16GX4M2A2666C18 8GB",2531,"DDR4","2016-09-23","76.99","2019-01-04","337.94"
"513","Corsair CMK32GX4M2B3466C16 16GB",3484,"DDR4","2017-05-08","339.99","2019-05-04","856.55"
"514","Patriot Memory (PDP Systems) PSD48G240081 8GB",2662,"DDR4","2016-10-17","53.7","2019-05-14","89.99"
"515","Crucial Technology CT16G4SFRA266.C8FE 16GB",2892,"DDR4","2020-12-31","63.99","2020-12-31","63.99"
"516","Mushkin MB[A/B]4U240FFFF16G 16GB",3066,"DDR4","2016-09-29","129.99","2017-03-08","186.99"
"517","Crucial Technology CT16G4SFS8266.C8FB 16GB",2697,"DDR4","2020-11-05","55.99","2023-09-21","39.99"
"518","Crucial Technology CT16G4DFRA266.C16FJ 16GB",2854,"DDR4","2021-09-30","73.99","2021-09-30","73.99"
"519","Crucial Technology CT16G4SFRA266.C8FB 16GB",2828,"DDR4","2020-09-03","63.99","2021-01-15","63.99"
"520","Crucial Technology BLS16G4D26BFSB.16FBD 16GB",2968,"DDR4","2018-02-14","176.99","2019-04-26","89"
"521","Crucial Technology BLS8G4D240FSC.16FARG 8GB",3019,"DDR4","2022-09-30","27.99","2022-09-30","27.99"
"522","Corsair CMD16GX4M2B2400C10 8GB",3527,"DDR4","2016-05-06","129.99","2019-01-27","426.62"
"523","Corsair CMK16GX4M2A2666C16 8GB",2880,"DDR4","2015-11-11","89.99","2019-02-03","112.99"
"524","Corsair CMV16GX4M1A2666C18 16GB",2803,"DDR4","2019-01-09","132.99","2019-05-16","74.99"
"525","Corsair CMD32GX4M2A2666C15 16GB",3377,"DDR4","2020-03-31","440.19","2020-03-31","440.19"
"526","Crucial Technology CT16G4DFD824A.C16FBD 16GB",2894,"DDR4","2020-06-30","96.99","2020-06-30","96.99"
"527","Patriot Memory (PDP Systems) PSD48G240082 8GB",2754,"DDR4","2019-01-04","159.99","2019-05-08","109.99"
"528","Corsair CMSX32GX4M2A2666C18 16GB",2927,"DDR4","2016-04-26","189.99","2019-05-16","179.15"
"529","Patriot Memory (PDP Systems) PSD44G240041 4GB",1953,"DDR4","2021-03-31","39.89","2021-03-31","39.89"
"530","Crucial Technology CT8G4SFS8266.C8FD1 8GB",2824,"DDR4","2019-01-16","61.95","2022-11-16","66.17"
"531","Corsair CMK16GX4M1A2400C16 16GB",3088,"DDR4","2017-01-06","97.99","2019-05-09","79.99"
"532","Kingston HP26D4S9S8ME-8 8GB",2764,"DDR4","2020-03-31","41.99","2020-03-31","41.99"
"533","Crucial Technology BLS4G4D240FSB.8FADG 4GB",2355,"DDR4","2015-12-13","24.99","2020-09-19","48.59"
"534","Corsair CMK64GX4M2A2400C16 32GB",3215,"DDR4","2021-08-26","524.98","2023-04-05","304.95"
"535","Corsair CMU16GX4M2A2666C16 8GB",2885,"DDR4","2016-07-26","85.99","2019-02-14","99.99"
"536","Corsair CMSX64GX4M2A2666C18 32GB",3046,"DDR4","2021-09-08","623.98","2023-10-21","231.95"
"537","Corsair CMK8GX4M1A2400C16 8GB",2701,"DDR4","2016-03-25","34.99","2019-02-19","47.99"
"538","Samsung M474A2K43BB1-CRC 16GB",2746,"DDR4","2019-01-04","204.41","2019-06-05","159.44"
"539","Samsung M378A2K43BB1-CPB 16GB",3022,"DDR4","2019-01-06","149","2019-05-24","147.99"
"540","Corsair CMR32GX4M4A2666C16 8GB",2921,"DDR4","2023-12-31","538.38","2023-12-31","538.38"
"541","Corsair CMSX16GX4M1A2400C16 16GB",2974,"DDR4","2019-01-04","113.99","2019-06-01","69.99"
"542","Crucial Technology CT8G4SFRA266.C8FE 8GB",2369,"DDR4","2020-09-30","28.99","2020-09-30","28.99"
"543","Corsair CMK32GX4M2L3000C15 16GB",2898,"DDR4","2019-01-04","749.99","2019-02-14","744.26"
"544","Corsair CMSX8GX4M1A2400C16 8GB",2519,"DDR4","2019-01-04","57.99","2019-05-24","36.99"
"545","Crucial Technology CT8G4DFS824A.C8FAD1 8GB",2786,"DDR4","2019-08-01","33.99","2021-12-29","52.58"
"546","Corsair CMK16GX4M2A2400C16 8GB",2805,"DDR4","2016-01-07","79.99","2023-05-17","64.95"
"547","Corsair CMR32GX4M4C3000C16 8GB",3178,"DDR4","2019-01-05","728.23","2019-02-07","675.53"
"548","Crucial Technology CT4G4DFS824A.C8FADP 4GB",2416,"DDR4","2020-09-03","17.78","2024-01-21","12.99"
"549","Corsair CMK32GX4M2A2400C16 16GB",3000,"DDR4","2016-06-02","124.99","2022-10-18","200.98"
"550","Corsair CMK32GX4M2A2400C14 16GB",2932,"DDR4","2015-12-19","229.99","2022-12-16","185.95"
"551","Corsair CMV8GX4M1A2400C16 8GB",2565,"DDR4","2022-04-29","75","2023-05-17","31.95"
"552","Patriot Memory (PDP Systems) PSD44G240082 4GB",2313,"DDR4","2019-01-04","27.99","2019-05-30","18.99"
"553","Corsair CMW64GX4M4A2666C16 16GB",3274,"DDR4","2019-01-04","479.99","2019-05-31","314.99"
"554","PNY Technologies, Inc. 8GBF2X04JEEE36-12-K 8GB",3009,"DDR4","2023-03-31","83.95","2023-03-31","83.95"
"555","Samsung M378A5244CB0-CTD 4GB",2332,"DDR4","2019-01-09","27","2020-02-02","22.9"
"556","Patriot Memory (PDP Systems) PSD48G213381 8GB",2682,"DDR4","2016-10-02","70","2019-04-19","102.36"
"557","Patriot Memory (PDP Systems) PSD416G24002 16GB",2939,"DDR4","2016-12-13","115.74","2019-05-22","179.99"
"558","G Skill Intl F4-2400C15-8GNT 8GB",2634,"DDR4","2014-09-22","479.99","2018-11-28","287.65"
"559","Corsair CMSX16GX4M2A2400C16 8GB",2678,"DDR4","2016-07-31","74.99","2021-09-04","139"
"560","Corsair CMK16GX4M4C3200C15 4GB",3176,"DDR4","2016-04-22","99.99","2016-12-11","131.99"
"561","Corsair CMD32GX4M2B3466C16 16GB",3050,"DDR4","2020-06-30","699.99","2020-06-30","699.99"
"562","Kingston KVR26S19S8/16 16GB",2740,"DDR4","2024-03-31","62.95","2024-03-31","62.95"
"563","Corsair CMK32GX4M2Z2400C16 16GB",2901,"DDR4","2020-06-30","178.98","2020-06-30","178.98"
"564","Crucial Technology CT4G4DFS824A.C8FBD1 4GB",2515,"DDR4","2016-11-03","31.58","2017-05-16","37.46"
"565","Crucial Technology BLS16G4D240FSB.16FAD 16GB",2997,"DDR4","2020-12-31","65.99","2020-12-31","65.99"
"566","Corsair CMK8GX4M2B3733C17 4GB",2811,"DDR4","2016-11-14","85.99","2019-02-14","327.62"
"567","Corsair CMK8GX4M1A2400C14 8GB",2740,"DDR4","2015-05-14","89.99","2021-09-15","79.99"
"568","Corsair CMK8GX4M2A2400C14 4GB",2570,"DDR4","2015-03-16","119.99","2023-01-28","67.95"
"569","Kingston HP24D4S7S8MB-4 4GB",2457,"DDR4","2023-06-30","43.99","2023-06-30","43.99"
"570","Crucial Technology CB8GS2400.C8D 8GB",2233,"DDR4","2021-05-13","54.49","2022-02-17","43.97"
"571","Corsair CMK16GX4M4A2133C15 4GB",2675,"DDR4","2015-01-23","269.99","2017-05-07","132.99"
"572","Crucial Technology BLS16G4S26BFSD.16FBD 16GB",2836,"DDR4","2017-08-28","231.21","2023-11-19","49.99"
"573","Corsair CMK16GX4M2A2400C14 8GB",2858,"DDR4","2015-05-14","179.99","2022-02-15","115"
"574","Corsair CMK8GX4M2D2666C16 4GB",2131,"DDR4","2020-12-31","119.99","2020-12-31","119.99"
"575","Micron Technology 8ATF1G64HZ-2G6B1 8GB",2674,"DDR4","2019-07-05","83.74","2020-02-13","79.95"
"576","Mushkin 99[2/7/4]199[F/T] 8GB",2713,"DDR4","2016-01-16","42.99","2016-10-23","88.99"
"577","Mushkin 99[2/7/4]190F 4GB",2752,"DDR4","2015-02-11","114.99","2016-08-11","49.91"
"578","Corsair CMV16GX4M1A2133C15 16GB",2909,"DDR4","2016-01-26","120.99","2019-05-16","69.99"
"579","Crucial Technology BLS8G4D240FSE.16FAR 8GB",2884,"DDR4","2023-09-30","29.71","2023-09-30","29.71"
"580","Corsair CMK8GX4M2A2800C16 4GB",2840,"DDR4","2016-02-11","63.99","2017-03-02","67.99"
"581","Patriot Memory (PDP Systems) PSD48G24002 8GB",3076,"DDR4","2016-11-03","67.91","2017-02-20","59.99"
"582","Corsair CMSX32GX4M2A2400C16 16GB",2699,"DDR4","2016-09-14","145.99","2019-02-18","195.99"
"583","Kingston HP26D4S9S8MH-8 8GB",2622,"DDR4","2020-06-30","69.99","2020-06-30","69.99"
"584","Samsung M378A5143DB0-CPB 4GB",2528,"DDR4","2016-07-31","159.96","2019-05-14","41.82"
"585","Corsair CMK16GX4M2E4333C19 8GB",2735,"DDR4","2021-03-31","530.27","2021-03-31","530.27"
"586","Crucial Technology CT8G4DFS8213.C8FAD1 8GB",2838,"DDR4","2017-02-02","52.99","2023-12-26","29.99"
"587","Crucial Technology CT16G4DFD824A.C16FAD 16GB",3066,"DDR4","2019-01-09","120.9","2022-02-06","396.09"
"588","Crucial Technology BLS16G4D240FSE.16FAD 16GB",2945,"DDR4","2016-04-28","76.99","2024-01-17","88.96"
"589","Corsair CMK8GX4M2A2133C13 4GB",2686,"DDR4","2015-12-16","53.99","2022-04-22","79"
"590","Micron Technology 16ATF1G64AZ-2G1B1 8GB",2809,"DDR4","2019-07-04","84.99","2020-01-08","74.81"
"591","Crucial Technology CT8G4DFD8213.16FA11 8GB",2991,"DDR4","2016-01-07","36.99","2023-12-29","29.99"
"592","Crucial Technology CT16G4DFD8213.16FDD1 16GB",2458,"DDR4","2019-01-05","180","2019-06-06","88.2"
"593","Corsair CMK16GX4M2B2800C14 8GB",2876,"DDR4","2020-03-31","126.99","2020-03-31","126.99"
"594","Mushkin MR[A/B]4U266GHHF8G 8GB",2479,"DDR4","2017-05-09","119.99","2018-12-17","191.99"
"595","Samsung M471A1K43BB1-CRC 8GB",2709,"DDR4","2019-01-04","69.95","2019-07-08","34.92"
"596","Crucial Technology CT16G4DFD8213.C16FAD 16GB",2924,"DDR4","2016-09-25","63.99","2017-04-20","109.99"
"597","Samsung M378A1K43BB1-CPB 8GB",2782,"DDR4","2016-07-25","72.99","2020-01-23","35.54"
"598","Kingston KMKYF9-MID 8GB",2595,"DDR4","2020-03-31","54.99","2020-03-31","54.99"
"599","Crucial Technology CT16G4SFD824A 16GB",2710,"DDR4","2022-01-02","119","2023-10-06","52"
"600","Corsair CMK16GX4M2K4133C19 8GB",3121,"DDR4","2019-02-12","249.99","2019-06-03","233.99"
"601","Corsair CMV4GX4M1A2666C18 4GB",2551,"DDR4","2019-01-07","34.5","2019-05-31","24.99"
"602","Corsair CMK16GX4M4B3400C16 4GB",3131,"DDR4","2016-02-07","189.99","2017-01-03","204.99"
"603","Samsung M378A1G43DB0-CPB 8GB",2869,"DDR4","2016-07-31","124","2019-02-11","119.99"
"604","Crucial Technology CT8G4DFS8213.C8FBD1 8GB",2752,"DDR4","2016-07-12","28.99","2017-01-20","49.99"
"605","Corsair CMD16GX4M2B3200C14 8GB",3109,"DDR4","2020-09-30","219.99","2020-09-30","219.99"
"606","Crucial Technology CT16G4DFD8213.M16FB 16GB",2711,"DDR4","2022-12-31","58.7","2022-12-31","58.7"
"607","Samsung M471A1K43CB1-CRC 8GB",2618,"DDR4","2019-01-04","87","2019-05-14","45"
"608","Crucial Technology CT8G4SFRA266.C4FE 8GB",2598,"DDR4","2020-10-08","28.99","2021-08-28","40.99"
"609","Samsung M471A2K43CB1-CRC 16GB",2689,"DDR4","2019-01-04","136.64","2019-11-12","58.94"
"610","Kingston KMKYF9-MIH 8GB",2411,"DDR4","2020-09-30","50","2020-09-30","50"
"611","Corsair CMV8GX4M1A2133C15 8GB",2724,"DDR4","2016-01-16","39.99","2022-03-05","55"
"612","Corsair CMK32GX4M4B3866C18 8GB",3298,"DDR4","2017-05-22","399.99","2019-01-16","910.08"
"613","Crucial Technology CT16G4SFD824A.C16FBR 16GB",2792,"DDR4","2016-08-27","81.77","2017-02-14","119.99"
"614","Crucial Technology BLS8G4S240FSD.16FAR 8GB",2667,"DDR4","2019-01-09","369.98","2021-07-04","95.79"
"615","Crucial Technology BLS8G4D240FSB.16FADG 8GB",2703,"DDR4","2020-12-31","125.28","2020-12-31","125.28"
"616","Crucial Technology BLS4G4S26BFSD.8FBD2 4GB",1764,"DDR4","2019-04-01","83.67","2020-08-24","18.99"
"617","Crucial Technology CT4G4DFS6266.C4FJ 4GB",2345,"DDR4","2021-03-31","14.99","2021-03-31","14.99"
"618","Corsair CMK32GX4M2A2133C13 16GB",2902,"DDR4","2016-04-09","129.99","2019-05-15","308.68"
"619","Crucial Technology CT16G4SFD824A.C16FBD 16GB",2682,"DDR4","2017-02-20","121.22","2017-05-22","119.99"
"620","Crucial Technology CT16G4SFD8266 16GB",2462,"DDR4","2022-06-30","109","2022-06-30","109"
"621","Corsair CMK16GX4M2A2133C13 8GB",2819,"DDR4","2015-12-25","93.99","2023-05-06","69.95"
"622","Crucial Technology CT8G4SFS824A.C8FBD1 8GB",2454,"DDR4","2021-03-31","35.59","2021-03-31","35.59"
"623","Crucial Technology CT8G4DFD824A.C16FADP 8GB",2954,"DDR4","2019-01-23","53.75","2023-03-30","19.94"
"624","Crucial Technology CT8G4DFD8213.C16FA11 8GB",2918,"DDR4","2020-06-30","36.99","2020-06-30","36.99"
"625","Patriot Memory (PDP Systems) PSD416G21332 16GB",3115,"DDR4","2017-01-30","95.99","2019-04-05","161.99"
"626","Samsung M378A5244CB0-CRC 4GB",2319,"DDR4","2019-01-08","47.7","2020-01-07","28.89"
"627","Crucial Technology CT16G4SFD8213.M16FB 16GB",2620,"DDR4","2023-12-31","62.33","2023-12-31","62.33"
"628","Samsung M393A2K40BB0-CPB 16GB",1874,"DDR4","2016-06-26","169.99","2019-12-04","59.98"
"629","Micron Technology 16ATF2G64HZ-2G3H1 16GB",2611,"DDR4","2019-07-04","95.51","2019-11-12","89.26"
"630","Patriot Memory (PDP Systems) PSD48G21332 8GB",2544,"DDR4","2016-07-25","38","2017-07-24","64.99"
"631","Corsair CMK16GX4M4B3200C15 4GB",3053,"DDR4","2015-08-07","269.99","2016-05-06","173.99"
"632","Corsair CMSO8GX4M1A2133C15 8GB",2439,"DDR4","2016-07-08","36.99","2023-04-13","37.95"
"633","Corsair CMV4GX4M1A2133C15 4GB",2497,"DDR4","2015-04-04","54.99","2019-03-20","27.99"
"634","Corsair CMSO16GX4M2A2133C15 8GB",2457,"DDR4","2016-03-26","76.99","2019-05-09","77.99"
"635","Crucial Technology CT8G4DFS8213.M8FA 8GB",2882,"DDR4","2016-03-19","31.99","2016-06-30","33.69"
"636","Samsung M471A5244CB0-CTD 4GB",1707,"DDR4","2019-01-08","44.85","2019-12-14","15.89"
"637","Kingston HP24D4S7S8MBP-8 8GB",2305,"DDR4","2020-06-30","67.99","2020-06-30","67.99"
"638","Crucial Technology CT8G4SFD824A.C16FADP 8GB",2438,"DDR4","2019-01-13","56.28","2023-09-22","31"
"639","Crucial Technology CT4G4DFS8213.8FA11 4GB",2373,"DDR4","2016-01-08","20.99","2023-03-29","26.88"
"640","Samsung M471A1G43DB0-CPB 8GB",2540,"DDR4","2017-02-22","75","2019-03-02","74.42"
"641","Crucial Technology CT8G4SFD8213.C16FBD1 8GB",2531,"DDR4","2016-09-05","42.2","2017-02-05","67.19"
"642","Crucial Technology CT16G4DFD8213.C16FBD 16GB",2859,"DDR4","2022-09-30","63.99","2022-09-30","63.99"
"643","Crucial Technology CT16G4SFD8213.M16FA 16GB",2797,"DDR4","2020-12-31","51.99","2020-12-31","51.99"
"644","Corsair CMSX64GX4M4A2400C16 16GB",2827,"DDR4","2017-04-16","562.36","2019-04-24","299.99"
"645","Samsung M471A1K43BB0-CPB 8GB",2539,"DDR4","2016-07-25","67.99","2019-03-14","48.99"
"646","Samsung M471A2K43BB1-CPB 16GB",2697,"DDR4","2016-07-25","169.99","2019-01-05","164.99"
"647","Samsung M471A5143DB0-CPB 4GB",2249,"DDR4","2020-06-30","43.75","2020-06-30","43.75"
"648","Samsung M471A5244CB0-CRC 4GB",2117,"DDR4","2019-01-04","34","2019-05-06","25.99"
"649","Samsung M471A5143EB0-CPB 4GB",2280,"DDR4","2021-03-31","26.77","2021-03-31","26.77"
"650","Crucial Technology CT8G4SFD8213.C16FADP 8GB",2405,"DDR4","2017-02-24","77.99","2019-04-14","46"
"651","Crucial Technology CT16G4SFD8213.C16FBD 16GB",2374,"DDR4","2016-07-01","51.99","2016-09-08","63.99"
"652","Crucial Technology CT8G4SFS8213.M8FB 8GB",2469,"DDR4","2020-12-31","54.67","2020-12-31","54.67"
"653","Corsair CMSO16GX4M1A2133C15 16GB",2834,"DDR4","2016-06-04","75.99","2021-09-10","145"
"654","Corsair CMSO32GX4M2A2133C15 16GB",2430,"DDR4","2016-07-01","129.99","2019-01-05","467.74"
"655","Mushkin MES4S213FF16G28 16GB",2545,"DDR4","2016-11-08","85.99","2019-12-28","58.99"
"656","Samsung M378A5143EB2-CRC 4GB",2205,"DDR4","2021-06-30","359.99","2021-06-30","359.99"
"657","Crucial Technology CT16G4SFD8213.C16FAD 16GB",2270,"DDR4","2016-10-08","59.99","2023-04-26","60"
"658","Crucial Technology BLS16G4S240FSD.16FAD 16GB",2051,"DDR4","2016-08-07","66.99","2022-10-22","79.95"
"659","Crucial Technology CT8G4DFRA266.C4FE 8GB",2228,"DDR4","2020-12-31","32.99","2020-12-31","32.99"
"660","Crucial Technology BLS4G4D240FSE.8FAR 4GB",2107,"DDR4","2016-09-15","18.99","2024-01-12","14.99"
"661","Crucial Technology CT16G4DFD8213.M16FA 16GB",2765,"DDR4","2016-06-08","58.7","2016-07-31","69.99"
"662","Super Talent F24EB8GS 8GB",2678,"DDR4","2018-07-03","126","2019-05-29","127.34"
"663","Thermaltake Technology Co Ltd R022R432GX2-3200C16A 32GB",2470,"DDR4","2021-12-31","298","2021-12-31","298"
"664","Corsair CMK32GX5M2B7000C40 16GB",3856,"DDR5","2023-12-31","213.89","2023-12-31","213.89"
"665","Corsair CMP48GX5M2X7200C36 24GB",4085,"DDR5","2024-03-31","328.95","2024-03-31","328.95"
"666","Corsair CMH32GX5M2B7000C40 16GB",3900,"DDR5","2023-12-31","219","2023-12-31","219"
"667","G Skill Intl F5-8000J4048F24G 24GB",4197,"DDR5","2023-07-20","498.95","2024-01-23","439"
"668","G Skill Intl F5-7600J3646G16G 16GB",4272,"DDR5","2023-09-30","309","2023-09-30","309"
"669","Corsair CMH32GX5M2X7200C34 16GB",4137,"DDR5","2023-06-30","249","2023-06-30","249"
"670","G Skill Intl F5-7200J3646F24G 24GB",3926,"DDR5","2023-12-31","405.95","2023-12-31","405.95"
"671","Kingston KVR48U40BS8-16 16GB",3997,"DDR5","2023-01-28","120.95","2024-03-19","95.95"
"672","G Skill Intl F5-6600J3440G16G 16GB",3905,"DDR5","2023-03-16","392.95","2023-07-20","237.95"
"673","Thermaltake Technology Co Ltd RG33D516GX2-6000C36B 16GB",3843,"DDR5","2023-09-30","226.95","2023-09-30","226.95"
"674","Corsair CMP32GX5M2X7200C34 16GB",4129,"DDR5","2023-12-31","305.95","2023-12-31","305.95"
"675","G Skill Intl F5-6000U3636E16G 16GB",3774,"DDR5","2023-09-30","699","2023-09-30","699"
"676","A-DATA Technology AX5U6000C3032G-DCLARWH 32GB",3745,"DDR5","2023-05-14","489","2023-07-19","451.95"
"677","Corsair CMK32GX5M2B6400C32 16GB",3887,"DDR5","2023-04-20","275.95","2024-01-23","179"
"678","Corsair CMH64GX5M2B6400C32 32GB",3901,"DDR5","2023-05-27","456.95","2024-03-24","397.95"
"679","G Skill Intl F5-6400J3239G32G 32GB",3921,"DDR5","2023-07-29","389","2024-03-19","389"
"680","Corsair CMK64GX5M2B6000C30 32GB",3958,"DDR5","2023-09-30","339","2023-09-30","339"
"681","Crucial Technology CT32G56C46U5.M16D1 32GB",3755,"DDR5","2023-12-31","99.75","2023-12-31","99.75"
"682","G Skill Intl F5-6400J3239G16G 16GB",3763,"DDR5","2022-04-05","932.98","2024-03-13","199"
"683","Corsair CMH32GX5M2B6400C32 16GB",3756,"DDR5","2023-05-09","256.95","2024-03-19","189"
"684","G Skill Intl F5-6000J3636F32G 32GB",3915,"DDR5","2023-06-30","349","2023-06-30","349"
"685","Corsair CMT32GX5M2X6200C36 16GB",3690,"DDR5","2022-08-12","639","2024-03-09","287.95"
"686","Corsair CMP96GX5M2B6600C32 48GB",3722,"DDR5","2024-06-30","812.78","2024-06-30","812.78"
"687","Corsair CMH64GX5M2B6000C30 32GB",3963,"DDR5","2023-09-30","397.22","2023-09-30","397.22"
"688","Corsair CMK64GX5M2B6400C32 32GB",3851,"DDR5","2023-05-15","437.95","2023-10-10","372.95"
"689","G Skill Intl F5-5600J4040C16G 16GB",3651,"DDR5","2022-03-10","729","2023-03-02","266.95"
"690","A-DATA Technology AX5U6000C3032G-DCLARBK 32GB",4013,"DDR5","2023-05-03","487.95","2023-07-18","451.95"
"691","A-DATA Technology AX5U6600C3216G-DCLARROG 16GB",4141,"DDR5","2024-03-31","299","2024-03-31","299"
"692","Corsair CMT32GX5M2X5600C36 16GB",3570,"DDR5","2022-02-05","829","2023-11-17","201.95"
"693","G Skill Intl F5-6000J4040F16G 16GB",3602,"DDR5","2022-02-12","709","2024-04-05","204.95"
"694","Corsair CMH32GX5M2B6200C36 16GB",3736,"DDR5","2022-09-12","419","2024-04-07","218"
"695","G Skill Intl F5-5600U3636C16G 16GB",3501,"DDR5","2022-02-26","629","2022-06-02","559"
"696","G Skill Intl F5-5600J3036D32G 32GB",3822,"DDR5","2022-12-31","842.95","2022-12-31","842.95"
"697","Corsair CMK32GX5M2B6000C40 16GB",3693,"DDR5","2023-01-26","349","2024-01-12","179"
"698","Corsair CMH32GX5M2B6600C38 16GB",3630,"DDR5","2023-12-31","199","2023-12-31","199"
"699","A-DATA Technology AX5U5200C3816G-DCLARBK 16GB",3441,"DDR5","2023-09-30","169","2023-09-30","169"
"700","A-DATA Technology AX5U5200C3816G-DCLARWH 16GB",3538,"DDR5","2023-03-01","230.95","2023-07-28","169"
"701","Corsair CMK32GX5M2B6400C36 16GB",3640,"DDR5","2023-09-30","175","2023-09-30","175"
"702","G Skill Intl F5-6000J3238G32G 32GB",3741,"DDR5","2023-10-13","400.95","2024-03-05","387.95"
"703","Corsair CMT32GX5M2B5600C36 16GB",3556,"DDR5","2022-02-26","679","2024-01-23","250.95"
"704","A-DATA Technology AX5U6000C4016G-DCLARBK 16GB",3603,"DDR5","2023-06-30","179","2023-06-30","179"
"705","G Skill Intl F5-6000J3040F16G 16GB",3793,"DDR5","2023-05-25","717.95","2024-03-19","199"
"706","Corsair CMH32GX5M2B6000C30 16GB",3773,"DDR5","2023-09-30","210.22","2023-09-30","210.22"
"707","G Skill Intl F5-6000U4040E16G 16GB",3446,"DDR5","2022-03-31","699","2022-03-31","699"
"708","Crucial Technology CT16G56C46U5.M8G1 16GB",3356,"DDR5","2023-02-28","84.99","2023-10-07","46.99"
"709","Corsair CMH32GX5M2D6000C36 16GB",3628,"DDR5","2023-04-06","225.95","2024-01-23","199"
"710","Corsair CMH32GX5M2B6000C40 16GB",3651,"DDR5","2022-09-18","399","2024-03-20","209.95"
"711","Corsair CMH96GX5M2B5600C40 40GB",3602,"DDR5","2023-03-25","599","2024-01-23","469"
"712","Corsair CMT32GX5M2B6000Z30 16GB",3915,"DDR5","2023-02-24","398.95","2024-01-20","292.95"
"713","G Skill Intl F5-6000J3040G32G 32GB",3835,"DDR5","2022-12-02","965.98","2024-02-28","369"
"714","Corsair CMK96GX5M2B5600C40 48GB",3543,"DDR5","2023-05-17","617.22","2024-01-23","449"
"715","Corsair CMH32GX5M2B6400C36 16GB",3545,"DDR5","2023-09-30","189","2023-09-30","189"
"716","Corsair CMK32GX5M2B5600C36 16GB",3557,"DDR5","2022-02-08","749","2024-01-26","189.95"
"717","G Skill Intl F5-5600J2834F32G 32GB",3801,"DDR5","2023-03-31","809.95","2023-03-31","809.95"
"718","Corsair CMH48GX5M2B7000C40 24GB",3570,"DDR5","2024-03-31","323.95","2024-03-31","323.95"
"719","Corsair CMH32GX5M2B5600C40 16GB",3523,"DDR5","2022-10-02","349","2024-01-26","175"
"720","Corsair CMH48GX5M2B5600C40 20GB",3331,"DDR5","2023-04-24","319","2024-02-13","275.95"
"721","Corsair CMT32GX5M2X7800C36 16GB",3618,"DDR5","2023-06-30","365.44","2023-06-30","365.44"
"722","Corsair CMK64GX5M2B5600C40 32GB",3621,"DDR5","2022-09-01","678.99","2023-12-01","289"
"723","Corsair CMK32GX5M2E6000C36 16GB",3558,"DDR5","2023-05-16","206.95","2024-04-10","169"
"724","Corsair CMH32GX5M2B5600C36 16GB",3569,"DDR5","2022-08-09","369","2024-01-23","175"
"725","Corsair CMH32GX5M2E6000C36 16GB",3599,"DDR5","2023-08-05","169.95","2024-02-21","175"
"726","Crucial Technology CT8G56C46U5.M4G1 8GB",3268,"DDR5","2023-09-30","26.99","2023-09-30","26.99"
"727","Corsair CMK64GX5M2B6000C40 32GB",3615,"DDR5","2023-05-09","406.95","2024-03-19","319"
"728","Corsair CMH64GX5M2B6000C40 32GB",3588,"DDR5","2023-05-09","425.95","2024-02-24","366.95"
"729","Corsair CMK48GX5M2B7000C40 24GB",3488,"DDR5","2023-09-30","311.95","2023-09-30","311.95"
"730","G Skill Intl F5-6000J3238F16G 16GB",3798,"DDR5","2023-03-17","310.95","2024-03-19","185.95"
"731","G Skill Intl F5-6000J3636F16G 16GB",3690,"DDR5","2022-02-10","739","2024-03-13","179"
"732","G Skill Intl F5-5600J3636D32G 32GB",3680,"DDR5","2022-07-08","998.98","2024-02-23","353.95"
"733","Corsair CMH64GX5M2B5600C36 32GB",3617,"DDR5","2023-04-20","447.95","2024-01-23","341.95"
"734","Corsair CMK32GX5M2B5600C40 16GB",3471,"DDR5","2023-12-31","179","2023-12-31","179"
"735","Corsair CMT32GX5M2B5600Z36 16GB",3611,"DDR5","2022-12-31","429","2024-01-23","250.95"
"736","GIGA - BYTE Technology Co Ltd GP-ARS32G52D5 16GB",3426,"DDR5","2022-03-02","689","2022-12-06","389"
"737","Corsair CMH32GX5M2B6000Z30 16GB",3821,"DDR5","2023-03-31","229","2023-03-31","229"
"738","G Skill Intl F5-6000J3038F16G 16GB",3859,"DDR5","2023-08-19","218.95","2024-03-05","219"
"739","G Skill Intl F5-5600J3636C16G 16GB",3531,"DDR5","2022-03-12","649","2024-01-19","174.95"
"740","Corsair CMH64GX5M2B5200Z40 32GB",3629,"DDR5","2022-12-24","559","2024-02-06","311.95"
"741","Crucial Technology CT32G52C42S5.M16G1 32GB",3461,"DDR5","2023-09-30","114.99","2023-09-30","114.99"
"742","A-DATA Technology AX5U6000C4016G-DCLARWH 16GB",3639,"DDR5","2023-06-30","179","2023-06-30","179"
"743","Corsair CMK64GX5M2B5200C40 32GB",3523,"DDR5","2022-02-15","999","2023-03-31","441.95"
"744","Corsair CMT32GX5M2B5200C40 16GB",3393,"DDR5","2022-02-05","799","2024-01-03","220.95"
"745","Corsair CMK64GX5M2B5600Z40 32GB",3532,"DDR5","2022-12-28","599","2023-07-26","319"
"746","Corsair CMH32GX5M2D6000Z36 16GB",3691,"DDR5","2023-02-24","388.95","2024-04-09","216.95"
"747","Corsair CMT64GX5M2B5200C40 32GB",3585,"DDR5","2022-08-12","719","2024-02-13","377.95"
"748","GIGA - BYTE Technology Co Ltd ARS32G60D5R 16GB",3567,"DDR5","2023-09-30","379","2023-09-30","379"
"749","Corsair CMK32GX5M2B5200C40 16GB",3398,"DDR5","2022-02-03","679","2024-03-13","139"
"750","A-DATA Technology AX5U6400C3216G-DCLARBK 16GB",3799,"DDR5","2023-07-18","258.95","2023-10-10","243.95"
"751","Corsair CMT64GX5M2B5600Z40 32GB",3644,"DDR5","2023-01-05","777.95","2023-10-10","393.95"
"752","Corsair CMH64GX5M2B5200C40 32GB",3468,"DDR5","2023-03-31","304.95","2023-03-31","304.95"
"753","Corsair CMK32GX5M2A4800C40 16GB",3311,"DDR5","2022-02-08","599","2024-02-13","165.95"
"754","Corsair CMK96GX5M2B5200C38 48GB",3438,"DDR5","2023-09-30","470.95","2023-09-30","470.95"
"755","Corsair CMSX64GX5M2A4800C40 32GB",3403,"DDR5","2023-09-30","277.95","2023-09-30","277.95"
"756","G Skill Intl F5-5200J3636D32G 32GB",3499,"DDR5","2023-03-31","434.95","2023-03-31","434.95"
"757","Crucial Technology CT32G56C46S5.M16B2 32GB",3448,"DDR5","2023-08-08","159.99","2023-10-17","98.99"
"758","Corsair CMH32GX5M2B5600Z36 16GB",3677,"DDR5","2022-12-07","339","2024-03-09","201.95"
"759","G Skill Intl F5-5200J3636C16G 16GB",3514,"DDR5","2022-12-27","699","2024-03-13","194.95"
"760","Crucial Technology CT16G48C40U5.M8A1 16GB",3286,"DDR5","2022-03-20","267.14","2022-08-07","111.99"
"761","G Skill Intl F5-5200J4040A16G 16GB",3525,"DDR5","2022-12-31","180.95","2022-12-31","180.95"
"762","Corsair CMH32GX5M2B5200C40 16GB",3331,"DDR5","2022-08-09","339","2024-03-19","179"
"763","Corsair CMH64GX5M2B5600Z40 32GB",3449,"DDR5","2022-12-22","599","2024-04-04","366.95"
"764","Crucial Technology CT32G56C46S5.C16D 32GB",3447,"DDR5","2023-12-31","98.99","2023-12-31","98.99"
"765","Corsair CMH32GX5M2E6000Z36 16GB",3633,"DDR5","2023-12-31","189","2023-12-31","189"
"766","Crucial Technology CT8G48C40U5.M4A1 8GB",3158,"DDR5","2022-12-31","24.99","2022-12-31","24.99"
"767","Crucial Technology CT16G52C42U5.M8G1 16GB",3412,"DDR5","2023-03-31","62.99","2023-03-31","62.99"
"768","Crucial Technology CT48G56C46S5.M16B1 48GB",3243,"DDR5","2023-12-31","159.85","2023-12-31","159.85"
"769","Crucial Technology CT32G48C40S5.C16A1 32GB",3295,"DDR5","2023-09-30","97.29","2023-09-30","97.29"
"770","Corsair CMK32GX5M2B5600Z36 16GB",3624,"DDR5","2023-01-03","299","2024-02-24","183.95"
"771","Corsair CMK64GX5M2B5200Z40 32GB",3644,"DDR5","2023-01-01","539","2024-02-13","319.95"
"772","Corsair CMT32GX5M2B5200Z40 16GB",3570,"DDR5","2022-12-27","369","2023-09-21","227.95"
"773","Crucial Technology CT32G48C40S5.M16A1 32GB",3201,"DDR5","2023-01-05","129.99","2023-06-22","83.99"
"774","Corsair CMT64GX5M2B5200Z40 32GB",3272,"DDR5","2023-03-31","411.95","2023-03-31","411.95"
"775","Crucial Technology CT16G56C46S5.C8D 16GB",3459,"DDR5","2023-12-31","58.99","2023-12-31","58.99"
"776","Crucial Technology CT16G56C46U5.C8B2 16GB",3420,"DDR5","2023-12-31","60.99","2023-12-31","60.99"
"777","Crucial Technology CT16G56C46S5.C8B2 16GB",3257,"DDR5","2024-03-31","59.99","2024-03-31","59.99"
"778","Corsair CMH32GX5M2B5200Z40 16GB",3498,"DDR5","2023-01-12","269","2023-10-05","175.95"
"779","A-DATA Technology AX5U7200C3416G-DCLARBK 16GB",3352,"DDR5","2023-04-26","369","2023-07-18","339"
"780","Corsair CMH96GX5M2B5200C38 48GB",3274,"DDR5","2023-12-31","459","2023-12-31","459"
"781","Corsair CMSX32GX5M1A4800C40 32GB",3104,"DDR5","2023-03-31","158.95","2023-03-31","158.95"
"782","Corsair CMK32GX5M2B5200Z40 16GB",3430,"DDR5","2022-12-31","289","2023-07-18","163.95"
"783","Corsair CMK16GX5M2B5200C40 8GB",3104,"DDR5","2023-07-18","99","2024-03-19","110.95"
"784","Corsair CMSX32GX5M2A4800C40 16GB",3102,"DDR5","2023-04-25","203.95","2024-02-10","156.95"
"785","Crucial Technology CT16G56C46S5.M8B2 16GB",3324,"DDR5","2023-09-06","53.99","2023-10-02","58.99"
"786","Crucial Technology CT16G56C46S5.M8G1 16GB",3236,"DDR5","2023-01-05","103.42","2023-08-09","46.99"
"787","Corsair CMSX16GX5M1A4800C40 16GB",2916,"DDR5","2023-03-22","106.95","2024-03-06","70"
"788","G Skill Intl F5-5200S3838A16G 16GB",3154,"DDR5","2023-03-31","105.95","2023-03-31","105.95"
"789","Corsair CMSX16GX5M2A4800C40 8GB",2750,"DDR5","2023-03-27","103.95","2024-02-13","103.95"
"790","Crucial Technology CT16G48C40S5.C8A1 16GB",2898,"DDR5","2023-09-30","44.99","2023-09-30","44.99"
"791","A-DATA Technology AX5U5200C3816G-DCLABK 16GB",2972,"DDR5","2023-06-30","311.95","2023-06-30","311.95"
"792","Crucial Technology CT8G48C40S5.M4A1 8GB",2637,"DDR5","2023-03-31","24.99","2023-03-31","24.99"
